arc,x,y
1,159,433
1,158,432
1,158,433
1,158,434
1,159,432
1,159,434
1,160,432
1,160,433
1,160,434
1,157,433
1,158,431
1,159,431
1,157,434
1,157,435
1,158,435
1,159,435
1,160,431
1,160,435
1,161,431
1,158,430
1,159,430
1,160,430
1,157,436
1,158,436
1,159,436
1,161,430
1,158,429
1,159,429
1,160,429
1,161,429
1,156,437
1,157,437
1,158,437
1,159,437
1,159,428
1,160,428
1,161,428
1,156,438
1,157,438
1,158,438
1,159,438
1,159,427
1,160,427
1,161,427
1,156,439
1,157,439
1,158,439
1,159,426
1,160,426
1,161,426
1,162,426
1,155,440
1,156,440
1,157,440
1,158,440
1,159,425
1,160,425
1,161,425
1,162,425
1,155,441
1,156,441
1,157,441
1,158,441
1,159,424
1,160,424
1,161,424
1,162,424
1,154,442
1,155,442
1,156,442
1,157,442
1,158,442
1,159,423
1,160,423
1,161,423
1,162,423
1,155,443
1,156,443
1,159,422
1,160,422
1,161,422
1,162,422
1,154,444
1,155,444
1,156,444
1,160,421
1,161,421
1,162,421
1,153,445
1,154,445
1,155,445
1,156,445
1,157,445
1,160,420
1,161,420
1,153,446
1,154,446
1,155,446
1,156,446
1,160,419
1,161,419
1,162,419
1,153,447
1,154,447
1,155,447
1,160,418
1,161,418
1,162,418
1,153,448
1,154,448
1,155,448
1,162,417
2,173,540
2,172,539
2,172,540
2,172,541
2,173,539
2,173,541
2,174,539
2,174,540
2,174,541
2,171,539
2,171,540
2,171,541
2,175,539
2,175,540
2,175,541
2,170,539
2,170,540
2,170,541
2,176,539
2,176,540
2,176,541
2,169,539
2,169,540
2,169,541
2,177,539
2,177,540
2,177,541
2,168,539
2,168,540
2,168,541
2,178,538
2,178,539
2,178,540
2,178,541
2,167,538
2,167,539
2,167,540
2,168,538
2,167,541
2,179,538
2,179,539
2,179,540
2,179,541
2,166,538
2,166,539
2,166,540
2,166,541
2,180,538
2,180,539
2,180,540
2,180,541
2,165,537
2,165,538
2,165,539
2,165,540
2,181,538
2,181,539
2,181,540
2,181,541
2,164,538
2,164,539
2,164,540
2,182,538
2,182,539
2,182,540
2,163,537
2,163,538
2,163,539
2,183,538
2,183,539
2,183,540
2,162,537
2,162,538
2,162,539
2,184,538
2,184,539
2,184,540
2,161,539
2,161,538
2,185,537
2,185,538
3,179,350
3,178,349
3,178,350
3,178,351
3,179,349
3,179,351
3,180,349
3,180,350
3,180,351
3,177,348
3,177,349
3,178,348
3,179,348
3,178,352
3,179,352
3,180,348
3,180,352
3,177,347
3,178,347
3,179,347
3,180,347
3,179,353
3,180,353
3,181,353
3,177,346
3,178,346
3,179,346
3,180,346
3,178,354
3,179,354
3,180,354
3,181,354
3,177,345
3,178,345
3,179,345
3,180,345
3,178,355
3,179,355
3,180,355
3,181,355
3,177,344
3,178,344
3,179,344
3,180,344
3,179,356
3,180,356
3,181,356
3,177,343
3,178,343
3,179,343
3,179,357
3,180,357
3,181,357
3,177,342
3,178,342
3,179,342
3,179,358
3,180,358
3,181,358
3,182,358
3,177,341
3,178,341
3,179,341
3,179,359
3,180,359
3,181,359
3,177,340
3,178,340
3,179,340
3,180,360
3,181,360
3,182,360
3,177,339
3,178,339
3,179,339
3,180,361
3,181,361
3,182,361
3,176,338
3,177,338
3,178,338
3,179,338
3,180,362
3,181,362
3,182,362
3,176,337
3,177,337
3,178,337
3,179,337
3,181,363
3,182,363
3,176,336
3,177,336
3,178,336
3,179,336
3,180,364
3,181,364
3,182,364
3,183,364
3,176,335
3,177,335
3,178,335
3,179,335
3,181,365
3,182,365
3,183,365
3,176,334
3,177,334
3,178,334
3,179,334
3,182,366
3,183,366
3,184,366
3,176,333
3,177,333
3,178,333
3,179,333
3,182,367
3,183,367
3,184,367
3,176,332
3,177,332
3,178,332
3,179,332
3,182,368
3,183,368
3,176,331
3,177,331
3,178,331
3,179,331
3,184,369
3,176,330
3,177,330
3,178,330
3,179,330
3,177,329
3,178,329
3,179,329
3,177,328
3,178,328
3,179,328
3,176,327
3,176,328
3,177,327
3,178,327
3,179,327
3,179,326
3,178,326
3,176,329
4,153,449
4,152,448
4,152,449
4,152,450
4,153,450
4,154,449
4,154,450
4,151,449
4,152,447
4,151,450
4,151,451
4,152,451
4,153,451
4,150,451
4,150,452
4,151,452
4,152,452
4,153,452
4,149,453
4,150,453
4,151,453
4,152,453
4,149,454
4,150,454
4,151,454
4,152,454
4,148,455
4,149,455
4,150,455
4,151,455
4,153,453
4,147,456
4,148,456
4,149,456
4,150,456
4,151,456
4,146,457
4,147,457
4,148,457
4,149,457
4,150,457
4,146,458
4,147,458
4,148,458
4,149,458
4,150,458
4,145,459
4,146,459
4,147,459
4,148,459
4,144,460
4,145,460
4,146,460
4,147,460
4,148,460
4,143,461
4,144,461
4,145,461
4,146,461
4,147,461
4,142,462
4,143,462
4,144,462
4,145,462
4,146,462
4,147,462
4,143,463
4,144,463
4,145,463
4,143,464
4,144,464
4,145,464
4,142,463
4,142,464
4,142,465
4,143,465
4,141,464
4,141,465
4,142,466
4,143,466
4,140,464
4,140,465
4,140,466
4,141,466
4,142,467
4,139,465
5,216,468
5,215,467
5,215,468
5,215,469
5,216,467
5,216,469
5,217,467
5,217,468
5,217,469
5,215,466
5,216,466
5,215,470
5,216,470
5,217,466
5,217,470
5,218,469
5,218,470
5,215,465
5,216,465
5,217,465
5,215,471
5,216,471
5,217,471
5,218,471
5,214,464
5,215,464
5,216,464
5,217,464
5,215,472
5,216,472
5,217,472
5,218,472
5,214,463
5,215,463
5,216,463
5,217,463
5,215,473
5,216,473
5,217,473
5,218,473
5,214,462
5,215,462
5,216,462
5,215,474
5,216,474
5,217,474
5,218,474
5,214,461
5,215,461
5,216,461
5,215,475
5,216,475
5,217,475
5,218,475
5,215,460
5,216,460
5,217,460
5,215,476
5,216,476
5,217,476
5,218,476
5,215,459
5,216,459
5,215,477
5,216,477
5,217,477
5,218,477
5,214,458
5,215,458
5,215,478
5,216,478
5,217,478
5,218,478
5,213,457
5,213,458
5,214,457
5,215,457
5,215,479
5,216,479
5,217,479
5,218,479
5,214,456
5,215,456
5,216,456
5,215,480
5,216,480
5,217,480
5,218,480
5,215,481
5,216,481
5,217,481
5,215,482
5,216,482
5,217,482
5,215,483
5,216,483
5,217,483
5,215,484
5,216,484
5,217,484
5,216,485
5,217,485
5,216,486
5,217,486
6,147,197
6,146,196
6,146,197
6,146,198
6,147,196
6,147,198
6,148,196
6,148,197
6,148,198
6,145,196
6,145,197
6,145,198
6,149,196
6,149,197
6,149,198
6,144,196
6,144,197
6,144,198
6,150,196
6,150,197
6,150,198
6,143,196
6,143,197
6,143,198
6,151,196
6,151,197
6,151,198
6,142,196
6,142,197
6,142,198
6,152,196
6,152,197
6,152,198
6,141,196
6,141,197
6,141,198
6,153,196
6,153,197
6,153,198
6,140,196
6,140,197
6,140,198
6,154,195
6,154,196
6,154,197
6,154,198
6,139,196
6,139,197
6,139,198
6,155,195
6,155,196
6,155,197
6,138,196
6,138,197
6,138,198
6,156,195
6,156,196
6,156,197
6,137,197
6,137,198
6,157,195
6,157,196
6,157,197
6,136,197
6,158,195
6,158,196
6,158,197
6,135,196
6,135,197
6,159,197
6,159,196
6,134,195
6,134,196
6,135,195
6,133,195
6,133,196
6,132,196
6,132,197
6,131,196
6,131,197
7,288,162
7,287,162
7,287,163
7,288,161
7,288,163
7,289,161
7,289,162
7,289,163
7,287,161
7,287,164
7,288,164
7,287,160
7,288,160
7,289,160
7,289,164
7,290,162
7,290,163
7,290,164
7,286,160
7,287,165
7,288,165
7,289,165
7,286,159
7,287,159
7,288,159
7,289,159
7,290,165
7,288,166
7,289,166
7,290,166
7,286,158
7,287,158
7,288,158
7,289,158
7,288,167
7,289,167
7,290,167
7,286,157
7,287,157
7,288,157
7,289,157
7,288,168
7,289,168
7,290,168
7,286,156
7,287,156
7,288,156
7,288,169
7,289,169
7,290,169
7,291,169
7,285,155
7,286,155
7,287,155
7,288,155
7,288,170
7,289,170
7,290,170
7,291,170
7,285,154
7,285,156
7,286,154
7,287,154
7,288,171
7,289,171
7,290,171
7,291,171
7,285,153
7,286,153
7,287,153
7,288,172
7,289,172
7,290,172
7,291,172
7,285,152
7,286,152
7,287,152
7,288,173
7,289,173
7,290,173
7,284,151
7,285,151
7,286,151
7,288,174
7,289,174
7,284,150
7,285,150
7,286,150
7,288,175
7,289,175
7,284,149
7,285,149
7,286,149
8,131,484
8,130,483
8,130,484
8,130,485
8,131,483
8,131,485
8,132,483
8,132,484
8,132,485
8,129,482
8,129,483
8,130,482
8,131,482
8,130,486
8,131,486
8,132,482
8,132,486
8,129,481
8,130,481
8,131,481
8,132,481
8,130,487
8,131,487
8,132,487
8,129,480
8,130,480
8,131,480
8,132,480
8,130,488
8,131,488
8,132,488
8,133,488
8,129,479
8,130,479
8,131,479
8,132,479
8,130,489
8,131,489
8,132,489
8,133,489
8,129,478
8,130,478
8,131,478
8,132,478
8,130,490
8,131,490
8,132,490
8,133,490
8,130,477
8,131,477
8,132,477
8,131,491
8,132,491
8,133,491
8,130,476
8,131,476
8,132,476
8,131,492
8,132,492
8,130,475
8,131,475
8,132,475
8,131,493
8,132,493
8,133,493
8,130,474
8,132,494
8,133,494
8,134,494
8,131,495
8,132,495
8,133,495
8,131,496
8,132,496
8,133,496
9,178,322
9,177,321
9,177,322
9,177,323
9,178,321
9,178,323
9,179,321
9,179,322
9,179,323
9,177,320
9,178,320
9,177,324
9,178,324
9,179,320
9,179,324
9,180,320
9,177,319
9,178,319
9,179,319
9,176,325
9,177,325
9,178,325
9,179,325
9,180,319
9,177,318
9,178,318
9,179,318
9,180,318
9,176,326
9,177,326
9,177,317
9,178,317
9,179,317
9,180,317
9,177,316
9,178,316
9,179,316
9,180,316
9,178,315
9,179,315
9,180,315
9,178,314
9,179,314
9,180,314
9,178,313
9,179,313
9,180,313
9,178,312
9,179,312
9,180,312
9,179,311
9,180,311
9,179,310
9,180,310
9,181,310
9,178,309
9,179,309
9,180,309
9,181,309
9,178,308
9,179,308
9,180,308
9,179,307
9,180,307
9,181,307
9,180,306
9,181,306
9,180,305
9,181,305
9,180,304
9,181,304
9,179,303
9,180,303
9,181,303
9,181,302
9,181,301
9,182,301
9,180,300
9,181,300
9,182,300
9,182,299
9,183,299
9,182,298
9,183,298
9,181,297
9,181,299
9,182,297
9,183,297
9,181,296
9,182,296
9,183,296
9,183,295
9,183,294
10,123,108
10,122,107
10,122,108
10,122,109
10,123,107
10,123,109
10,124,107
10,124,108
10,124,109
10,121,106
10,121,107
10,121,108
10,122,106
10,123,106
10,121,109
10,125,107
10,125,108
10,125,109
10,120,106
10,120,107
10,120,108
10,120,109
10,126,107
10,126,108
10,126,109
10,119,106
10,119,107
10,119,108
10,119,109
10,127,107
10,127,108
10,127,109
10,118,106
10,118,107
10,118,108
10,118,109
10,128,107
10,128,108
10,128,109
10,117,107
10,117,108
10,117,109
10,129,107
10,129,108
10,129,109
10,116,107
10,116,108
10,116,109
10,130,107
10,130,108
10,130,109
10,130,110
10,115,107
10,115,108
10,115,109
10,131,107
10,131,108
10,131,109
10,114,106
10,114,107
10,114,108
10,114,109
10,132,107
10,132,108
10,132,109
10,113,106
10,113,107
10,113,108
10,113,109
10,133,107
10,133,108
10,133,109
10,112,106
10,112,107
10,112,108
10,112,109
10,134,107
10,134,108
10,134,109
10,134,110
10,111,106
10,111,107
10,111,108
10,135,109
10,135,110
10,136,109
10,136,110
10,136,111
10,137,108
10,137,109
10,137,110
10,137,111
10,138,109
10,138,108
10,139,110
10,139,111
10,140,110
10,140,111
10,138,110
10,141,109
10,141,110
10,140,109
10,142,111
10,142,112
10,143,111
10,143,112
11,288,198
11,287,197
11,287,198
11,287,199
11,288,197
11,288,199
11,289,197
11,289,198
11,289,199
11,287,196
11,288,196
11,286,200
11,287,200
11,288,200
11,289,196
11,289,200
11,290,196
11,290,197
11,287,195
11,288,195
11,289,195
11,286,201
11,287,201
11,288,201
11,289,201
11,290,195
11,287,194
11,288,194
11,289,194
11,290,194
11,286,202
11,287,202
11,288,202
11,288,193
11,289,193
11,290,193
11,286,203
11,287,203
11,288,203
11,288,192
11,289,192
11,290,192
11,291,192
11,285,204
11,286,204
11,287,204
11,288,204
11,288,191
11,289,191
11,290,191
11,291,191
11,285,205
11,286,205
11,287,205
11,288,205
11,288,190
11,289,190
11,290,190
11,291,190
11,285,206
11,286,206
11,287,206
11,288,206
11,288,189
11,289,189
11,290,189
11,291,189
11,285,207
11,286,207
11,288,188
11,289,188
11,290,188
11,291,188
11,285,208
11,286,208
11,287,208
11,288,187
11,289,187
11,290,187
11,284,209
11,285,209
11,286,209
11,288,186
11,289,186
11,284,210
11,285,210
11,286,210
11,288,185
11,289,185
11,290,185
11,284,211
11,285,211
11,286,211
11,283,212
11,284,212
11,283,213
11,284,213
11,283,214
11,284,214
11,285,214
11,285,215
12,195,164
12,194,163
12,194,164
12,194,165
12,195,163
12,195,165
12,196,163
12,196,164
12,196,165
12,194,162
12,195,162
12,194,166
12,195,166
12,196,162
12,196,166
12,197,162
12,197,163
12,197,164
12,197,165
12,197,166
12,194,161
12,195,161
12,196,161
12,194,167
12,195,167
12,196,167
12,197,161
12,197,167
12,194,160
12,195,160
12,196,160
12,197,160
12,193,168
12,194,168
12,195,168
12,196,168
12,194,159
12,195,159
12,196,159
12,197,159
12,194,169
12,195,169
12,196,169
12,194,158
12,195,158
12,196,158
12,197,158
12,194,170
12,195,170
12,194,157
12,195,157
12,196,157
12,197,157
12,193,171
12,194,171
12,195,156
12,194,156
12,196,156
12,193,172
12,194,172
12,195,172
12,194,155
12,192,171
12,194,154
12,195,154
13,316,291
13,315,290
13,315,291
13,315,292
13,316,290
13,316,292
13,317,290
13,317,291
13,317,292
13,315,289
13,316,289
13,315,293
13,316,293
13,317,289
13,317,293
13,315,288
13,316,288
13,317,288
13,315,294
13,316,294
13,317,294
13,315,287
13,316,287
13,317,287
13,315,295
13,316,295
13,317,295
13,314,286
13,315,286
13,316,286
13,317,286
13,315,296
13,316,296
13,317,296
13,314,285
13,315,285
13,316,285
13,317,285
13,315,297
13,316,297
13,317,297
13,314,284
13,315,284
13,316,284
13,317,284
13,315,298
13,316,298
13,317,298
13,314,283
13,315,283
13,316,283
13,317,283
13,315,299
13,316,299
13,317,299
13,314,282
13,315,282
13,316,282
13,317,282
13,315,300
13,316,300
13,317,300
13,314,281
13,315,281
13,316,281
13,317,281
13,315,301
13,316,301
13,317,301
13,314,280
13,315,280
13,316,280
13,315,302
13,316,302
13,314,279
13,315,279
13,316,279
13,317,279
13,314,303
13,315,303
13,316,303
13,314,278
13,315,278
13,316,278
13,317,278
13,314,304
13,315,304
13,316,304
13,317,302
13,314,277
13,315,277
13,316,277
13,317,277
13,314,305
13,315,305
13,316,305
13,317,305
13,314,276
13,315,276
13,315,306
13,316,306
13,313,275
13,314,275
13,315,275
13,314,307
13,315,307
13,316,307
13,313,274
13,314,274
13,315,274
13,314,308
13,315,308
13,316,308
13,314,273
13,315,273
13,316,273
13,315,309
13,316,309
13,317,309
13,314,272
13,315,272
13,316,272
14,134,471
14,133,470
14,133,471
14,133,472
14,134,470
14,134,472
14,135,470
14,135,471
14,135,472
14,132,470
14,132,471
14,134,469
14,132,472
14,133,473
14,135,469
14,136,469
14,136,470
14,136,471
14,131,471
14,131,472
14,135,468
14,136,468
14,137,468
14,137,469
14,137,470
14,137,471
14,130,471
14,130,472
14,132,473
14,137,467
14,138,467
14,138,468
14,138,469
14,138,470
14,129,473
14,138,466
14,139,466
14,139,467
14,139,468
14,139,469
14,140,467
14,140,468
14,141,467
14,141,468
15,206,160
15,205,159
15,205,160
15,205,161
15,206,159
15,206,161
15,207,159
15,207,160
15,207,161
15,205,158
15,206,158
15,204,161
15,204,162
15,205,162
15,206,162
15,207,158
15,207,162
15,208,158
15,206,157
15,207,157
15,204,163
15,205,163
15,206,163
15,207,163
15,208,157
15,206,156
15,207,156
15,208,156
15,204,164
15,205,164
15,206,164
15,206,155
15,207,155
15,208,155
15,209,155
15,204,165
15,205,165
15,206,165
15,207,154
15,208,154
15,209,154
15,203,166
15,204,166
15,205,166
15,206,166
15,206,153
15,207,153
15,208,153
15,209,153
15,203,167
15,204,167
15,205,167
15,206,167
15,207,152
15,208,152
15,209,152
15,210,152
15,203,168
15,204,168
15,205,168
15,206,168
15,207,151
15,208,151
15,209,151
15,210,151
15,203,169
15,206,169
15,207,150
15,208,150
15,209,150
15,203,170
15,204,170
15,209,149
15,210,149
15,203,171
15,204,171
15,205,171
15,208,148
15,209,148
15,210,148
15,203,172
15,204,172
15,205,172
15,206,171
15,206,172
15,208,147
15,210,147
15,211,147
15,203,173
15,204,173
15,205,173
15,205,170
15,209,146
15,210,146
15,211,146
15,203,174
15,204,174
15,205,174
15,204,169
15,211,145
15,203,175
15,204,175
15,205,175
15,211,144
15,203,176
15,210,143
16,161,417
16,160,416
16,160,417
16,161,416
16,162,416
16,160,415
16,161,415
16,162,415
16,163,415
16,163,416
16,163,417
16,160,414
16,161,414
16,160,413
16,160,412
16,161,412
16,160,411
16,161,411
16,160,410
16,161,410
16,160,409
16,161,409
16,160,408
16,161,408
16,160,407
16,161,407
16,160,406
16,161,406
16,160,405
16,161,405
16,160,404
16,161,404
16,160,403
16,161,403
16,160,402
16,161,402
16,160,401
16,161,401
16,160,400
16,161,400
16,159,399
16,160,399
16,159,398
16,160,398
16,159,397
16,160,397
16,159,396
16,160,396
16,159,395
16,160,395
17,70,152
17,69,151
17,69,152
17,69,153
17,70,151
17,70,153
17,71,151
17,71,152
17,71,153
17,68,150
17,68,151
17,69,150
17,70,150
17,69,154
17,70,154
17,71,150
17,71,154
17,72,153
17,72,154
17,68,149
17,69,149
17,70,149
17,71,149
17,69,155
17,70,155
17,71,155
17,72,155
17,73,155
17,68,148
17,69,148
17,70,148
17,70,156
17,71,156
17,72,156
17,73,156
17,68,147
17,69,147
17,70,147
17,71,157
17,72,157
17,73,157
17,67,146
17,68,146
17,69,146
17,70,146
17,71,158
17,72,158
17,73,158
17,67,145
17,68,145
17,69,145
17,70,145
17,72,159
17,73,159
17,74,159
17,68,144
17,69,144
17,70,144
17,72,160
17,73,160
17,74,160
17,73,161
18,100,110
18,99,109
18,99,110
18,99,111
18,100,109
18,100,111
18,101,109
18,101,110
18,101,111
18,98,109
18,98,110
18,98,111
18,98,112
18,99,112
18,101,108
18,102,109
18,102,110
18,102,111
18,97,109
18,97,110
18,97,111
18,97,112
18,102,108
18,103,108
18,103,109
18,103,110
18,96,110
18,96,111
18,96,112
18,104,108
18,104,109
18,104,110
18,95,110
18,95,111
18,95,112
18,105,107
18,105,108
18,105,109
18,105,110
18,94,111
18,94,112
18,94,113
18,106,107
18,106,108
18,106,109
18,106,110
18,93,111
18,93,112
18,93,113
18,107,107
18,107,110
18,92,111
18,92,112
18,92,113
18,92,114
18,108,107
18,108,108
18,108,109
18,91,112
18,91,113
18,91,114
18,109,107
18,109,108
18,109,109
18,109,110
18,90,112
18,90,113
18,90,114
18,110,107
18,110,108
18,110,109
18,89,113
18,89,114
18,111,109
18,88,113
18,88,114
18,88,115
18,89,115
18,87,115
18,87,116
18,88,116
19,173,411
19,172,410
19,172,411
19,172,412
19,173,410
19,173,412
19,174,410
19,174,411
19,174,412
19,171,410
19,171,411
19,171,412
19,171,413
19,172,413
19,175,410
19,175,411
19,175,412
19,170,410
19,170,411
19,170,412
19,170,413
19,176,410
19,176,411
19,176,412
19,176,413
19,169,410
19,169,411
19,169,412
19,169,413
19,177,410
19,177,411
19,177,412
19,177,413
19,168,410
19,168,411
19,168,412
19,168,413
19,178,410
19,178,411
19,178,412
19,178,413
19,167,410
19,167,411
19,167,412
19,167,413
19,179,411
19,179,412
19,179,413
19,166,411
19,166,412
19,166,413
19,180,411
19,180,412
19,180,413
19,165,412
19,165,413
19,181,411
19,181,412
19,181,413
19,164,411
19,164,412
19,164,413
19,164,414
19,182,412
19,182,413
19,163,412
19,163,413
19,165,411
19,183,412
19,183,413
19,162,412
19,184,412
19,184,413
19,185,413
20,242,116
20,241,115
20,241,116
20,241,117
20,242,115
20,242,117
20,243,115
20,243,116
20,243,117
20,240,115
20,240,116
20,241,114
20,242,114
20,240,117
20,240,118
20,243,114
20,244,114
20,244,115
20,244,116
20,244,117
20,239,115
20,239,116
20,239,117
20,239,118
20,245,114
20,245,115
20,245,116
20,245,117
20,238,115
20,238,116
20,238,117
20,246,114
20,246,115
20,246,116
20,246,117
20,237,116
20,237,117
20,237,118
20,247,114
20,247,115
20,247,116
20,247,117
20,236,116
20,236,117
20,236,118
20,237,119
20,248,114
20,248,115
20,248,116
20,248,117
20,235,117
20,235,118
20,235,119
20,249,116
20,249,117
20,234,118
20,234,119
20,250,116
20,251,116
21,313,321
21,312,320
21,312,321
21,312,322
21,313,320
21,313,322
21,314,320
21,314,321
21,314,322
21,312,319
21,313,319
21,311,323
21,312,323
21,313,323
21,314,319
21,314,323
21,315,319
21,312,318
21,313,318
21,314,318
21,311,324
21,312,324
21,313,324
21,314,324
21,315,318
21,312,317
21,313,317
21,314,317
21,315,317
21,311,325
21,312,325
21,313,325
21,313,316
21,314,316
21,315,316
21,316,316
21,310,326
21,311,326
21,312,326
21,313,326
21,313,315
21,314,315
21,315,315
21,316,315
21,310,327
21,311,327
21,312,327
21,313,327
21,313,314
21,314,314
21,315,314
21,310,328
21,311,328
21,312,328
21,313,328
21,313,313
21,314,313
21,315,313
21,310,329
21,311,329
21,312,329
21,313,312
21,314,312
21,315,312
21,316,312
21,309,330
21,310,330
21,311,330
21,312,330
21,313,311
21,314,311
21,315,311
21,316,311
21,309,331
21,310,331
21,311,331
21,314,310
21,315,310
21,316,310
21,309,332
21,310,332
21,311,332
21,312,332
21,314,309
21,309,333
21,310,333
21,311,333
21,309,334
21,310,334
21,311,334
21,308,335
21,309,335
21,310,335
21,311,335
21,308,336
21,309,336
21,310,336
21,308,337
21,309,337
21,310,337
21,307,338
21,308,338
21,309,338
21,310,338
21,307,339
21,308,339
21,309,339
21,307,340
21,308,340
21,309,340
21,307,341
21,308,341
21,309,341
21,306,342
21,307,342
21,308,342
21,309,342
21,305,343
21,306,343
21,307,343
21,305,344
21,306,344
21,307,344
21,305,345
21,306,345
21,307,345
21,305,346
21,306,346
21,307,346
22,207,204
22,206,203
22,206,204
22,206,205
22,207,203
22,207,205
22,208,203
22,208,204
22,208,205
22,205,202
22,205,203
22,206,202
22,207,202
22,206,206
22,207,206
22,208,202
22,208,206
22,209,205
22,209,206
22,205,201
22,206,201
22,207,201
22,208,201
22,206,207
22,207,207
22,208,207
22,209,207
22,205,200
22,206,200
22,207,200
22,207,208
22,208,208
22,209,208
22,204,199
22,205,199
22,206,199
22,207,199
22,207,209
22,208,209
22,209,209
22,210,209
22,204,198
22,205,198
22,206,198
22,207,198
22,207,210
22,208,210
22,209,210
22,210,210
22,204,197
22,205,197
22,206,197
22,207,197
22,208,211
22,209,211
22,210,211
22,204,196
22,205,196
22,206,196
22,207,196
22,208,212
22,209,212
22,210,212
22,211,212
22,204,195
22,205,195
22,206,195
22,208,213
22,209,213
22,210,213
22,211,213
22,203,194
22,204,194
22,205,194
22,206,194
22,209,214
22,210,214
22,211,214
22,203,193
22,204,193
22,205,193
22,206,193
22,210,215
22,211,215
22,205,192
22,206,192
22,210,216
22,211,216
22,212,216
22,206,191
22,211,217
23,217,407
23,216,406
23,216,407
23,216,408
23,217,406
23,217,408
23,218,406
23,218,407
23,218,408
23,215,405
23,215,406
23,215,407
23,216,405
23,215,408
23,217,409
23,218,409
23,219,407
23,219,408
23,219,409
23,214,404
23,214,405
23,214,406
23,214,407
23,214,408
23,220,407
23,220,408
23,220,409
23,220,410
23,213,404
23,213,405
23,213,406
23,213,407
23,221,407
23,221,408
23,221,409
23,221,410
23,212,403
23,212,404
23,212,405
23,212,406
23,212,407
23,222,407
23,222,408
23,222,409
23,222,410
23,211,403
23,211,404
23,211,405
23,211,406
23,223,408
23,223,410
23,210,403
23,210,404
23,210,405
23,210,406
23,224,410
23,224,411
23,209,403
23,209,404
23,209,405
23,225,409
23,225,410
23,225,411
23,208,403
23,208,404
23,225,408
23,226,408
23,226,409
23,207,404
23,227,408
24,252,116
24,251,115
24,251,117
24,252,115
24,252,117
24,253,115
24,253,116
24,253,117
24,250,114
24,250,115
24,251,114
24,250,117
24,254,115
24,254,116
24,254,117
24,254,118
24,249,114
24,249,115
24,255,115
24,255,116
24,255,117
24,255,118
24,256,116
24,256,117
24,256,118
24,256,115
24,257,116
24,257,117
24,257,118
24,258,116
24,258,117
24,258,118
24,259,117
24,259,118
24,258,119
24,259,119
24,260,117
24,260,118
24,260,119
24,261,119
24,261,118
24,261,120
24,262,118
24,262,119
24,262,120
24,261,117
24,260,120
24,261,121
24,263,120
24,263,121
24,264,120
24,264,121
25,127,195
25,126,195
25,126,196
25,127,194
25,127,196
25,128,194
25,128,195
25,128,196
25,125,194
25,125,195
25,125,196
25,126,194
25,127,197
25,128,197
25,129,194
25,129,195
25,129,196
25,129,197
25,124,193
25,124,194
25,124,195
25,125,193
25,124,196
25,130,194
25,130,195
25,130,196
25,130,197
25,123,193
25,123,194
25,123,195
25,123,196
25,131,195
25,122,193
25,122,194
25,122,195
25,122,196
25,132,195
25,121,193
25,121,194
25,121,195
25,120,193
25,120,194
25,120,195
25,119,192
25,119,193
25,119,194
25,119,195
25,118,192
25,118,193
25,118,194
25,117,192
25,117,193
25,117,194
25,116,191
25,116,192
25,116,193
25,115,191
25,115,192
25,115,193
25,114,191
25,114,192
25,114,193
25,113,191
25,113,192
25,112,191
25,112,192
25,113,190
25,111,190
25,111,191
25,111,192
25,112,190
25,110,189
25,110,190
25,110,191
25,111,189
25,110,192
25,109,189
25,109,190
25,108,189
25,108,190
25,107,188
25,107,189
25,106,187
25,106,188
25,106,189
25,105,187
25,105,188
25,105,189
25,105,190
25,106,190
25,104,187
25,104,188
25,103,187
25,103,188
26,313,265
26,312,264
26,312,265
26,312,266
26,313,264
26,313,266
26,314,264
26,314,265
26,314,266
26,311,263
26,312,263
26,313,263
26,312,267
26,313,267
26,314,263
26,314,267
26,315,266
26,315,267
26,311,262
26,312,262
26,313,262
26,312,268
26,313,268
26,314,268
26,315,268
26,310,261
26,311,261
26,312,261
26,313,261
26,312,269
26,313,269
26,314,269
26,315,269
26,310,260
26,311,260
26,312,260
26,313,260
26,313,270
26,314,270
26,315,270
26,310,259
26,311,259
26,312,259
26,313,259
26,313,271
26,314,271
26,315,271
26,316,271
26,310,258
26,311,258
26,312,258
26,313,258
26,313,272
26,309,257
26,310,257
26,311,257
26,312,257
26,313,273
26,310,256
26,311,256
26,312,256
26,309,255
26,310,255
26,311,255
26,309,254
26,310,254
26,311,254
26,308,253
26,309,253
26,310,253
26,307,252
26,308,252
26,309,252
26,310,252
26,308,251
26,309,251
26,310,251
26,307,250
26,308,250
26,309,250
26,310,250
26,307,249
26,308,249
26,307,248
26,308,248
27,184,291
27,183,290
27,183,291
27,183,292
27,184,290
27,184,292
27,185,290
27,185,291
27,185,292
27,182,291
27,183,289
27,184,289
27,182,292
27,182,293
27,183,293
27,184,293
27,185,289
27,185,293
27,186,289
27,183,288
27,184,288
27,185,288
27,182,294
27,184,294
27,186,288
27,184,287
27,185,287
27,186,287
27,181,295
27,182,295
27,184,295
27,184,286
27,185,286
27,186,286
27,187,286
27,184,296
27,184,285
27,185,285
27,186,285
27,187,285
27,185,284
27,186,284
27,187,284
27,185,283
27,186,283
27,187,283
27,186,282
27,187,282
27,188,282
27,186,281
27,187,281
27,188,281
27,189,281
27,187,280
27,188,280
27,189,280
27,186,279
27,187,279
27,188,279
27,189,279
27,187,278
27,188,278
27,189,278
27,188,277
27,189,277
27,190,277
27,188,276
27,189,276
27,190,276
27,188,275
27,189,275
27,190,275
27,191,275
27,189,274
27,190,274
27,191,274
27,192,274
27,190,273
27,191,273
27,192,273
27,189,272
27,190,272
27,191,272
27,192,272
27,189,273
27,190,271
27,191,271
27,192,271
27,193,271
27,191,270
27,192,270
27,193,270
27,191,269
27,192,269
27,193,269
27,191,268
27,192,268
27,193,268
27,193,267
27,194,267
27,194,268
28,284,148
28,283,147
28,283,148
28,284,147
28,285,147
28,285,148
28,282,146
28,282,147
28,283,146
28,284,146
28,285,146
28,286,148
28,282,145
28,283,145
28,284,145
28,285,145
28,281,144
28,282,144
28,283,144
28,281,143
28,282,143
28,283,143
28,284,143
28,284,144
28,281,142
28,282,142
28,283,142
28,280,141
28,281,141
28,282,141
28,279,140
28,280,140
28,281,140
28,282,140
28,279,139
28,280,139
28,281,139
28,282,139
28,279,138
28,280,138
28,281,138
28,279,137
28,280,137
28,278,136
28,278,137
28,279,136
28,280,136
28,277,135
28,277,136
28,277,137
28,278,135
28,279,135
28,276,134
28,277,134
28,278,134
28,276,135
28,279,134
28,275,133
28,276,133
28,277,133
28,278,133
28,274,132
28,275,132
28,274,131
28,275,131
28,276,132
28,274,130
28,275,130
28,276,130
28,277,132
28,275,129
28,276,129
28,275,128
30,304,349
30,303,348
30,303,350
30,304,348
30,304,350
30,305,348
30,305,349
30,305,350
30,304,347
30,303,351
30,304,351
30,305,347
30,305,351
30,306,347
30,306,348
30,306,349
30,304,346
30,302,351
30,302,352
30,303,352
30,304,352
30,307,347
30,304,345
30,301,352
30,302,350
30,301,353
30,302,353
30,303,353
30,304,353
30,305,352
30,300,354
30,301,354
30,302,354
30,303,354
30,304,354
30,300,355
30,301,355
30,302,355
30,303,355
30,300,356
30,301,356
30,302,356
30,303,356
30,299,357
30,300,357
30,301,357
30,302,357
30,299,358
30,300,358
30,301,358
30,302,358
30,299,359
30,300,359
30,301,359
30,298,360
30,299,360
30,300,360
30,301,360
30,297,361
30,298,361
30,299,361
30,300,361
30,297,362
30,298,362
30,299,362
30,296,363
30,297,363
30,298,363
30,299,363
30,295,364
30,296,364
30,297,364
30,298,364
30,299,364
30,295,365
30,296,365
30,297,365
30,294,366
30,295,366
30,296,366
30,297,366
30,294,367
30,295,367
30,296,367
30,297,367
30,293,368
30,294,368
30,295,368
30,296,368
30,293,369
30,294,369
30,295,369
30,292,370
30,293,370
30,294,370
30,294,371
30,292,371
30,293,371
32,144,111
32,143,110
32,144,110
32,144,112
32,145,110
32,145,111
32,145,112
32,142,109
32,142,110
32,143,109
32,145,113
32,146,111
32,146,112
32,146,113
32,141,111
32,147,111
32,147,112
32,147,113
32,141,112
32,148,111
32,148,112
32,148,113
32,148,114
32,149,111
32,149,112
32,149,113
32,149,114
32,150,111
32,150,112
32,150,113
32,150,114
32,151,112
32,151,113
32,151,114
32,152,112
32,152,113
32,152,114
32,152,115
32,153,112
32,153,113
32,153,114
32,153,115
32,153,116
32,154,113
32,154,114
32,154,115
32,154,116
32,155,113
32,155,114
32,155,115
32,155,116
32,156,114
32,156,115
32,156,116
32,157,114
32,157,115
32,157,116
32,157,117
32,158,114
32,158,115
32,158,116
32,158,117
32,159,115
32,159,116
32,159,117
32,159,118
32,160,116
32,160,117
32,160,118
32,160,119
32,161,116
32,161,117
32,161,118
32,161,119
32,162,116
32,162,117
32,162,118
32,162,119
32,163,117
32,163,118
32,163,119
32,163,120
32,164,117
32,164,118
32,164,119
32,164,120
32,165,118
32,165,119
32,165,120
32,165,121
32,166,119
32,166,120
32,166,121
32,166,122
32,167,119
32,167,121
32,167,122
33,157,535
33,156,534
33,156,535
33,156,536
33,157,534
33,157,536
33,158,534
33,158,535
33,158,536
33,155,533
33,155,534
33,155,535
33,156,533
33,155,536
33,157,537
33,158,537
33,159,535
33,159,536
33,159,537
33,154,532
33,154,533
33,154,534
33,155,532
33,154,535
33,159,538
33,160,535
33,160,536
33,160,537
33,160,538
33,153,531
33,153,532
33,153,533
33,154,531
33,153,534
33,160,539
33,161,536
33,161,537
33,152,530
33,152,531
33,152,532
33,152,533
33,152,534
33,162,536
33,151,529
33,151,530
33,151,531
33,151,532
33,151,533
33,150,528
33,150,529
33,150,530
33,151,528
33,150,531
33,150,532
33,149,527
33,149,528
33,149,529
33,149,530
33,149,531
33,148,526
33,148,527
33,148,528
33,149,526
33,148,529
33,148,530
33,147,526
33,147,527
33,147,529
33,146,526
33,146,527
33,146,528
33,145,526
33,147,525
33,147,528
33,144,525
33,147,524
33,143,524
33,144,524
33,146,523
33,142,523
33,143,523
34,210,442
34,209,441
34,209,442
34,209,443
34,210,441
34,210,443
34,211,441
34,211,442
34,211,443
34,208,440
34,209,440
34,210,440
34,210,444
34,211,440
34,211,444
34,212,441
34,212,442
34,212,443
34,212,444
34,208,439
34,209,439
34,210,439
34,210,445
34,211,445
34,212,445
34,213,445
34,208,438
34,209,438
34,210,438
34,210,446
34,211,446
34,212,446
34,213,446
34,207,437
34,208,437
34,209,437
34,211,447
34,212,447
34,213,447
34,206,436
34,206,437
34,207,436
34,208,436
34,209,436
34,211,448
34,212,448
34,213,448
34,214,448
34,205,435
34,206,435
34,207,435
34,208,435
34,211,449
34,212,449
34,213,449
34,214,449
34,205,434
34,206,434
34,207,434
34,208,434
34,212,450
34,213,450
34,214,450
34,205,433
34,206,433
34,207,433
34,212,451
34,213,451
34,214,451
34,215,451
34,205,432
34,206,432
34,207,432
34,212,452
34,213,452
34,214,452
34,204,431
34,205,431
34,212,453
34,215,453
34,203,431
34,204,430
34,205,430
34,214,454
34,215,454
34,216,454
34,213,454
34,213,455
34,214,455
34,215,455
34,216,455
34,213,456
35,215,491
35,214,490
35,214,491
35,214,492
35,215,490
35,215,492
35,216,490
35,216,491
35,216,492
35,214,489
35,215,489
35,214,493
35,215,493
35,216,489
35,216,493
35,217,489
35,217,490
35,217,491
35,214,488
35,215,488
35,216,488
35,213,494
35,214,494
35,215,494
35,217,488
35,215,487
35,216,487
35,217,487
35,213,495
35,214,495
35,215,495
35,216,495
35,215,486
35,214,496
35,215,496
35,216,496
35,215,485
35,213,497
35,214,497
35,215,497
35,213,498
35,214,498
35,213,499
35,214,499
35,215,499
35,213,500
35,214,500
35,215,498
35,215,500
35,212,501
35,213,501
35,211,501
35,212,502
35,213,502
35,212,503
35,213,503
35,214,502
35,214,503
35,211,504
35,212,504
35,213,504
35,214,504
35,214,501
35,211,505
35,212,505
35,213,505
35,211,506
35,212,506
35,212,507
35,213,507
36,243,409
36,242,408
36,242,409
36,242,410
36,243,408
36,243,410
36,244,408
36,244,409
36,244,410
36,241,408
36,241,409
36,241,410
36,241,411
36,245,407
36,245,408
36,245,409
36,245,410
36,240,408
36,240,409
36,240,410
36,240,411
36,246,407
36,246,408
36,246,409
36,246,410
36,239,408
36,239,409
36,239,410
36,239,411
36,247,407
36,247,408
36,247,409
36,238,408
36,238,409
36,238,410
36,238,411
36,248,407
36,248,408
36,248,409
36,237,409
36,237,410
36,237,411
36,249,406
36,249,407
36,249,408
36,236,409
36,236,410
36,236,411
36,250,406
36,250,407
36,248,406
36,250,408
36,235,409
36,235,410
36,235,411
36,251,405
36,251,406
36,251,407
36,251,408
36,234,409
36,234,410
36,234,411
36,252,405
36,252,406
36,252,407
36,252,408
36,233,409
36,233,410
36,233,411
36,253,405
36,253,406
36,253,407
36,232,409
36,232,410
36,232,411
36,254,404
36,254,405
36,254,406
36,254,407
36,231,409
36,231,410
36,255,404
36,255,405
36,255,406
36,255,407
36,230,409
36,230,410
36,230,411
36,256,404
36,256,405
36,229,409
36,229,410
37,71,132
37,70,131
37,70,132
37,70,133
37,71,131
37,71,133
37,72,131
37,72,132
37,72,133
37,69,132
37,70,130
37,71,130
37,69,133
37,69,134
37,70,134
37,71,134
37,72,130
37,72,134
37,73,130
37,73,131
37,71,129
37,72,129
37,68,135
37,69,135
37,70,135
37,71,135
37,73,129
37,71,128
37,72,128
37,73,128
37,69,136
37,68,136
37,70,136
37,71,136
37,74,128
37,72,127
37,73,127
37,74,127
37,74,129
37,71,137
37,75,127
37,75,128
37,73,126
37,74,126
37,75,126
37,76,126
37,73,125
37,75,125
37,76,125
37,75,124
37,76,124
37,75,123
38,192,147
38,191,146
38,191,147
38,191,148
38,192,146
38,192,148
38,193,146
38,193,147
38,193,148
38,190,145
38,190,146
38,191,145
38,192,145
38,191,149
38,192,149
38,193,145
38,193,149
38,194,148
38,194,149
38,189,144
38,190,144
38,191,144
38,192,144
38,192,150
38,193,150
38,194,150
38,195,150
38,188,143
38,189,143
38,190,143
38,191,143
38,192,143
38,192,151
38,193,151
38,194,151
38,195,151
38,188,142
38,189,142
38,190,142
38,191,142
38,193,152
38,194,152
38,195,152
38,187,141
38,188,141
38,189,141
38,190,141
38,191,141
38,193,153
38,194,153
38,195,153
38,196,153
38,187,140
38,188,140
38,189,140
38,190,140
38,193,154
38,196,154
38,187,139
38,188,139
38,189,139
38,193,155
38,195,155
38,196,155
38,186,138
38,187,138
38,185,137
38,185,138
38,186,137
38,187,137
38,188,137
38,188,138
38,185,136
38,186,136
38,186,139
38,187,136
39,204,180
39,203,179
39,203,180
39,203,181
39,204,179
39,204,181
39,205,179
39,205,180
39,205,181
39,202,178
39,202,179
39,203,178
39,204,178
39,203,182
39,204,182
39,205,178
39,205,182
39,202,177
39,203,177
39,204,177
39,205,177
39,203,183
39,204,183
39,205,183
39,202,176
39,204,176
39,205,176
39,203,184
39,204,184
39,205,184
39,203,185
39,204,185
39,205,185
39,203,186
39,204,186
39,205,186
39,203,187
39,204,187
39,205,187
39,203,188
39,204,188
39,205,188
39,206,188
39,203,189
39,204,189
39,205,189
39,206,189
39,203,190
39,204,190
39,205,190
39,206,190
39,203,191
39,204,191
39,205,191
39,203,192
39,204,192
40,135,504
40,134,503
40,134,504
40,134,505
40,135,503
40,135,505
40,136,503
40,136,504
40,136,505
40,133,502
40,133,503
40,133,504
40,134,502
40,135,502
40,134,506
40,135,506
40,136,506
40,137,506
40,133,501
40,134,501
40,135,501
40,135,507
40,136,507
40,137,507
40,137,505
40,132,500
40,133,500
40,134,500
40,135,500
40,135,508
40,136,508
40,137,508
40,132,499
40,133,499
40,134,499
40,135,499
40,135,509
40,136,509
40,137,509
40,132,498
40,133,498
40,134,498
40,135,498
40,135,510
40,136,510
40,137,510
40,138,510
40,132,497
40,133,497
40,134,497
40,136,511
40,137,511
40,138,511
40,139,510
40,134,496
40,137,512
40,138,512
40,139,512
40,134,495
40,138,513
40,139,513
40,140,512
40,138,514
40,139,514
40,140,514
40,138,515
40,139,515
40,140,513
40,140,515
40,141,515
42,162,195
42,161,194
42,161,195
42,161,196
42,162,194
42,162,196
42,163,194
42,163,195
42,163,196
42,160,195
42,160,196
42,160,197
42,161,197
42,162,197
42,164,193
42,164,194
42,164,195
42,164,196
42,159,195
42,165,193
42,165,194
42,165,195
42,165,196
42,166,193
42,166,194
42,166,195
42,166,196
42,167,193
42,167,194
42,167,195
42,168,193
42,168,194
42,168,195
42,169,192
42,169,193
42,169,194
42,170,192
42,170,193
42,170,194
42,171,192
42,171,193
42,171,194
42,172,191
42,172,192
42,172,193
42,173,191
42,173,192
42,173,193
42,173,190
42,174,191
42,174,192
42,174,193
42,175,190
42,175,191
42,175,192
42,175,189
42,176,190
42,176,191
43,212,142
43,211,141
43,211,142
43,211,143
43,212,141
43,212,143
43,213,141
43,213,142
43,213,143
43,211,140
43,212,140
43,210,144
43,212,144
43,213,140
43,214,140
43,214,141
43,214,142
43,212,139
43,213,139
43,209,145
43,210,145
43,212,145
43,214,139
43,215,139
43,215,140
43,213,138
43,214,138
43,212,146
43,215,138
43,213,137
43,214,137
43,215,137
43,216,137
43,214,136
43,215,136
43,216,136
43,217,136
43,214,135
43,215,135
43,216,135
43,217,135
43,215,134
43,216,134
43,217,134
43,218,134
43,216,133
43,217,133
43,218,133
43,219,133
43,219,134
43,216,132
43,217,132
43,218,132
43,219,132
43,220,132
43,218,135
43,217,131
43,218,131
43,219,131
43,220,131
43,218,130
43,219,130
43,220,130
43,221,130
43,218,129
43,219,129
43,220,129
43,221,129
43,222,130
43,219,128
43,220,128
43,221,128
43,222,128
43,221,127
43,222,127
43,223,127
43,223,128
43,221,126
43,222,126
45,209,512
45,208,511
45,208,512
45,208,513
45,209,511
45,209,513
45,210,511
45,210,512
45,210,513
45,207,512
45,208,510
45,209,510
45,207,513
45,207,514
45,208,514
45,209,514
45,210,510
45,211,510
45,211,511
45,209,509
45,210,509
45,206,514
45,206,515
45,207,515
45,208,515
45,209,515
45,211,509
45,212,509
45,209,508
45,210,508
45,211,508
45,206,516
45,207,516
45,208,516
45,212,508
45,210,507
45,211,507
45,205,517
45,206,517
45,207,517
45,208,517
45,210,506
45,204,518
45,205,516
45,205,518
45,206,518
45,207,518
45,208,518
45,210,505
45,204,519
45,205,519
45,206,519
45,207,519
45,204,520
45,205,520
45,206,520
45,203,520
45,203,521
45,204,521
45,205,521
45,203,522
45,204,522
45,205,522
45,202,523
45,203,523
45,204,523
45,201,523
45,201,524
45,202,524
45,203,524
45,204,524
45,200,524
45,200,525
45,201,525
45,202,525
45,203,525
45,201,526
47,188,379
47,187,378
47,187,379
47,187,380
47,188,378
47,188,380
47,189,378
47,189,379
47,189,380
47,186,377
47,186,378
47,186,379
47,187,377
47,188,377
47,188,381
47,189,381
47,190,381
47,185,376
47,185,377
47,186,376
47,187,376
47,188,376
47,187,381
47,187,382
47,188,382
47,189,382
47,190,382
47,191,382
47,184,375
47,185,375
47,186,375
47,187,375
47,188,383
47,189,383
47,190,383
47,191,383
47,192,383
47,184,374
47,185,374
47,186,374
47,187,374
47,189,384
47,190,384
47,191,384
47,192,384
47,183,373
47,184,373
47,185,373
47,186,373
47,187,373
47,189,385
47,190,385
47,191,385
47,192,385
47,183,372
47,184,372
47,185,372
47,186,372
47,190,386
47,191,386
47,192,386
47,193,386
47,183,371
47,184,371
47,185,371
47,186,371
47,191,387
47,192,387
47,193,387
47,194,387
47,182,370
47,183,370
47,184,370
47,185,370
47,191,388
47,192,388
47,193,388
47,194,388
47,195,388
47,182,369
47,183,369
47,185,369
47,193,389
47,194,389
47,195,389
47,184,368
47,185,368
47,194,390
48,272,394
48,271,393
48,271,394
48,271,395
48,272,393
48,272,395
48,273,393
48,273,394
48,270,394
48,272,392
48,270,395
48,270,396
48,271,396
48,272,396
48,273,392
48,274,392
48,274,393
48,274,394
48,273,395
48,269,394
48,269,395
48,273,391
48,269,396
48,269,397
48,270,397
48,271,397
48,274,391
48,275,391
48,275,392
48,275,393
48,275,394
48,268,396
48,274,390
48,268,397
48,268,398
48,269,398
48,270,398
48,275,390
48,276,390
48,276,391
48,276,392
48,267,396
48,267,397
48,267,398
48,267,399
48,268,399
48,269,399
48,276,389
48,277,389
48,277,390
48,277,391
48,277,392
48,266,397
48,266,398
48,266,400
48,267,400
48,276,388
48,277,388
48,278,388
48,278,389
48,278,390
48,278,391
48,265,399
48,265,400
48,265,401
48,266,401
48,277,387
48,278,387
48,279,387
48,279,388
48,279,389
48,279,390
48,264,399
48,264,400
48,264,401
48,264,402
48,279,386
48,280,386
48,280,387
48,280,388
48,280,389
48,263,399
48,263,401
48,263,402
48,263,403
48,280,385
48,281,385
48,281,386
48,281,387
48,281,388
48,262,400
48,262,401
48,262,402
48,262,403
48,280,384
48,281,384
48,282,384
48,282,385
48,282,386
48,282,387
48,261,400
48,281,383
48,282,383
48,283,384
48,283,385
48,282,382
48,283,382
48,284,385
48,283,381
48,284,381
48,284,382
48,284,384
48,285,380
48,285,383
48,285,379
48,286,381
48,287,381
49,201,426
49,200,425
49,200,426
49,200,427
49,201,425
49,201,427
49,202,425
49,202,426
49,202,427
49,199,424
49,199,425
49,199,426
49,200,424
49,201,424
49,200,428
49,201,428
49,202,428
49,203,426
49,203,427
49,203,428
49,198,423
49,198,424
49,198,425
49,199,423
49,200,423
49,201,429
49,202,429
49,203,429
49,204,427
49,204,428
49,204,429
49,197,422
49,197,423
49,198,422
49,199,422
49,200,422
49,202,430
49,203,430
49,205,429
49,196,421
49,196,422
49,197,421
49,198,421
49,199,421
49,206,430
49,195,420
49,195,421
49,195,422
49,196,420
49,197,420
49,198,420
49,206,431
49,194,420
49,194,421
49,195,419
49,196,419
49,196,423
49,197,419
49,196,418
51,201,397
51,200,396
51,200,397
51,200,398
51,201,396
51,201,398
51,202,396
51,202,397
51,202,398
51,199,395
51,199,396
51,199,397
51,200,395
51,201,395
51,200,399
51,201,399
51,202,399
51,203,397
51,203,398
51,203,399
51,198,394
51,198,395
51,198,396
51,199,394
51,200,394
51,201,400
51,202,400
51,203,400
51,204,398
51,204,399
51,204,400
51,197,393
51,197,394
51,197,395
51,198,393
51,199,393
51,197,396
51,203,401
51,204,401
51,205,399
51,205,400
51,205,401
51,196,392
51,196,393
51,196,394
51,197,392
51,198,392
51,204,402
51,205,402
51,206,399
51,206,400
51,206,401
51,206,402
51,195,391
51,195,392
51,195,393
51,196,391
51,197,391
51,205,403
51,206,403
51,207,400
51,207,401
51,207,402
51,207,403
51,194,391
51,194,392
51,195,390
51,196,390
51,208,401
51,208,402
51,193,390
51,193,391
51,196,389
51,209,402
51,192,389
51,210,402
52,75,163
52,74,162
52,74,163
52,74,164
52,75,162
52,75,164
52,76,162
52,76,163
52,76,164
52,73,162
52,73,163
52,74,161
52,75,161
52,75,165
52,76,165
52,77,163
52,77,164
52,77,165
52,72,161
52,75,160
52,75,166
52,76,166
52,77,166
52,78,166
52,77,167
52,78,167
52,79,166
52,79,167
52,76,167
52,77,168
52,78,168
52,79,168
52,80,167
52,80,168
52,77,169
52,79,169
52,80,169
52,81,169
52,78,169
52,78,170
52,79,170
52,80,170
52,81,170
52,80,171
52,81,171
52,82,171
52,80,172
52,81,172
52,82,172
52,83,171
52,83,172
52,81,173
52,82,173
52,83,173
52,84,172
52,84,173
52,82,174
52,83,174
52,85,174
52,83,175
52,84,175
52,85,173
52,86,174
52,84,174
52,84,176
52,85,176
52,87,175
52,85,177
53,190,416
53,189,415
53,189,416
53,189,417
53,190,415
53,190,417
53,191,415
53,191,416
53,191,417
53,188,414
53,188,415
53,188,416
53,189,414
53,190,414
53,188,417
53,190,418
53,191,418
53,192,416
53,192,417
53,192,418
53,187,413
53,187,414
53,187,415
53,188,413
53,187,416
53,192,419
53,193,416
53,193,417
53,193,418
53,193,419
53,186,412
53,186,413
53,186,414
53,186,415
53,186,416
53,193,420
53,194,417
53,194,418
53,194,419
53,185,412
53,185,414
53,185,415
53,195,418
53,184,414
53,184,415
53,183,414
53,182,414
54,227,123
54,226,122
54,226,123
54,226,124
54,227,122
54,227,124
54,228,122
54,228,123
54,228,124
54,225,122
54,225,123
54,226,121
54,227,121
54,225,124
54,225,125
54,226,125
54,227,125
54,228,121
54,229,121
54,229,122
54,229,123
54,224,123
54,224,124
54,228,120
54,224,125
54,224,126
54,225,126
54,229,120
54,230,120
54,230,121
54,230,122
54,223,124
54,223,125
54,229,119
54,223,126
54,224,127
54,230,119
54,231,119
54,231,120
54,231,121
54,231,122
54,222,125
54,231,118
54,232,118
54,232,119
54,232,120
54,232,121
54,233,117
54,233,118
54,233,119
54,233,120
54,234,117
54,234,120
54,235,116
55,188,181
55,187,180
55,187,181
55,187,182
55,188,180
55,188,182
55,189,180
55,189,181
55,189,182
55,186,181
55,188,179
55,186,182
55,186,183
55,187,183
55,188,183
55,189,179
55,190,179
55,190,180
55,190,181
55,185,182
55,189,178
55,185,183
55,185,184
55,186,184
55,187,184
55,190,178
55,191,178
55,191,179
55,191,180
55,184,183
55,189,177
55,190,177
55,184,184
55,184,185
55,185,185
55,186,185
55,191,177
55,192,177
55,192,178
55,192,179
55,183,184
55,190,176
55,191,176
55,183,185
55,183,186
55,184,186
55,185,186
55,192,176
55,193,176
55,193,177
55,182,185
55,191,175
55,192,175
55,182,186
55,182,187
55,183,187
55,184,187
55,193,175
55,194,175
55,181,185
55,181,186
55,191,174
55,192,174
55,193,174
55,181,187
55,181,188
55,182,188
55,183,188
55,194,174
55,180,186
55,180,187
55,192,173
55,193,173
55,194,173
55,180,188
55,180,189
55,181,189
55,195,173
55,179,187
55,179,188
55,192,172
55,179,189
55,179,190
55,180,190
55,178,187
55,178,188
55,178,189
55,178,190
55,178,191
55,177,188
55,177,189
55,177,190
55,177,191
55,176,189
55,176,192
56,195,264
56,194,263
56,194,264
56,194,265
56,195,263
56,195,265
56,196,263
56,196,264
56,196,265
56,193,264
56,194,262
56,195,262
56,193,265
56,193,266
56,194,266
56,195,266
56,196,262
56,197,262
56,197,263
56,195,261
56,196,261
56,192,266
56,192,267
56,195,267
56,197,261
56,198,261
56,195,260
56,196,260
56,197,260
56,198,260
56,199,260
56,196,259
56,197,259
56,198,259
56,199,259
56,197,258
56,198,258
56,199,258
56,200,258
56,197,257
56,198,257
56,199,257
56,200,257
56,198,256
56,199,256
56,200,256
56,201,256
56,199,255
56,200,255
56,201,255
56,199,254
56,200,254
56,201,254
56,202,254
56,200,253
56,201,253
56,202,253
56,203,253
56,203,254
56,200,252
56,201,252
56,202,252
56,203,252
56,204,252
56,202,255
56,202,251
56,203,251
56,204,251
56,205,251
56,202,250
56,203,250
56,204,250
56,201,251
56,202,249
56,203,249
56,204,249
56,205,249
56,204,248
56,205,248
56,206,248
56,205,247
56,206,247
56,207,247
56,207,248
56,205,246
56,206,246
56,207,246
56,208,246
56,206,249
56,206,245
56,207,245
56,208,245
56,207,244
56,208,244
56,207,243
56,208,243
56,209,243
57,214,221
57,213,220
57,213,221
57,213,222
57,214,220
57,214,222
57,215,220
57,215,221
57,215,222
57,212,219
57,212,220
57,213,219
57,214,219
57,213,223
57,214,223
57,215,223
57,216,221
57,216,222
57,216,223
57,211,218
57,211,219
57,212,218
57,213,218
57,214,218
57,214,224
57,215,224
57,216,224
57,217,224
57,210,217
57,212,217
57,213,217
57,215,225
57,216,225
57,217,223
57,217,225
57,213,216
57,215,226
57,216,226
57,217,226
57,218,226
57,212,215
57,217,227
57,218,227
57,219,227
57,212,214
57,217,228
57,218,228
57,219,228
57,220,228
57,217,229
57,218,229
57,219,229
57,220,229
57,218,230
57,219,230
57,220,230
57,221,230
57,221,231
57,222,230
57,222,232
58,306,246
58,305,245
58,305,246
58,306,245
58,306,247
58,307,245
58,307,246
58,307,247
58,304,244
58,304,245
58,305,244
58,306,244
58,307,244
58,306,248
58,308,246
58,308,247
58,303,243
58,304,243
58,305,243
58,306,243
58,306,249
58,303,242
58,304,242
58,305,242
58,302,241
58,303,241
58,304,241
58,305,241
58,302,240
58,303,240
58,304,240
58,305,240
58,301,239
58,302,239
58,303,239
58,304,239
58,300,238
58,301,238
58,302,238
58,303,238
58,299,237
58,300,237
58,301,237
58,302,237
58,303,237
58,299,236
58,300,236
58,301,236
58,302,236
58,299,235
58,300,235
58,301,235
58,298,234
58,299,234
58,298,233
58,299,233
58,300,233
58,300,234
58,297,233
58,296,233
59,267,123
59,266,122
59,266,123
59,266,124
59,267,122
59,267,124
59,268,122
59,268,123
59,268,124
59,265,121
59,265,122
59,265,123
59,266,121
59,267,121
59,267,125
59,268,125
59,269,123
59,269,124
59,269,125
59,264,122
59,265,120
59,266,120
59,264,123
59,268,126
59,269,126
59,270,124
59,270,125
59,270,126
59,263,122
59,264,119
59,269,127
59,270,127
59,271,125
59,271,126
59,271,127
59,262,121
59,263,118
59,263,119
59,270,128
59,271,128
59,272,125
59,272,126
59,272,127
59,272,128
59,271,129
59,272,129
59,273,126
59,273,127
59,273,128
59,273,129
59,272,130
59,273,130
59,274,127
59,274,128
59,274,129
59,273,131
60,290,225
60,289,224
60,289,225
60,289,226
60,290,224
60,290,226
60,291,224
60,291,225
60,291,226
60,288,223
60,288,224
60,288,225
60,289,223
60,290,223
60,290,227
60,291,227
60,292,225
60,292,226
60,292,227
60,287,222
60,287,223
60,287,224
60,288,222
60,289,222
60,291,228
60,292,228
60,293,225
60,293,226
60,293,227
60,293,228
60,286,221
60,286,222
60,286,223
60,287,221
60,288,221
60,286,224
60,292,229
60,293,229
60,294,226
60,294,227
60,294,228
60,294,229
60,285,220
60,285,221
60,285,222
60,286,220
60,285,223
60,293,230
60,294,230
60,295,227
60,295,228
60,295,229
60,295,230
60,284,219
60,284,220
60,284,221
60,285,219
60,284,222
60,294,231
60,295,231
60,296,228
60,296,229
60,296,230
60,296,231
60,283,219
60,283,220
60,283,221
60,283,222
60,295,232
60,296,232
60,297,229
60,297,230
60,297,231
60,297,232
60,282,219
60,298,230
60,298,231
60,298,232
60,299,231
60,299,232
61,93,181
61,92,180
61,92,181
61,92,182
61,93,180
61,93,182
61,94,180
61,94,181
61,94,182
61,91,179
61,91,180
61,91,181
61,92,179
61,93,179
61,91,182
61,93,183
61,94,183
61,95,181
61,95,182
61,95,183
61,90,178
61,90,179
61,90,180
61,91,178
61,90,181
61,94,184
61,95,184
61,96,181
61,96,182
61,96,183
61,96,184
61,89,177
61,89,178
61,89,179
61,90,177
61,89,180
61,96,185
61,97,182
61,97,183
61,97,184
61,97,185
61,88,176
61,88,177
61,88,178
61,89,176
61,88,179
61,97,186
61,98,183
61,98,184
61,98,185
61,98,186
61,87,176
61,87,177
61,87,178
61,87,179
61,99,183
61,99,184
61,99,185
61,99,186
61,99,187
61,86,175
61,86,176
61,86,177
61,86,178
61,100,184
61,100,185
61,100,186
61,100,187
61,85,175
61,101,184
61,101,185
61,101,186
61,101,187
61,101,188
61,102,185
61,102,186
61,102,187
61,102,188
61,103,185
61,103,186
61,103,189
61,104,186
61,104,189
63,187,537
63,186,536
63,186,537
63,186,538
63,187,536
63,187,538
63,188,536
63,188,537
63,188,538
63,185,536
63,187,535
63,185,539
63,186,539
63,187,539
63,188,535
63,189,535
63,189,536
63,189,537
63,189,538
63,184,537
63,189,534
63,190,534
63,190,535
63,190,536
63,190,537
63,183,537
63,191,533
63,191,534
63,191,535
63,191,536
63,192,532
63,192,533
63,192,534
63,192,535
63,192,536
63,193,531
63,193,532
63,193,533
63,193,534
63,193,535
63,194,531
63,194,532
63,194,533
63,194,534
63,195,530
63,195,531
63,195,532
63,195,533
63,195,534
63,195,529
63,196,529
63,196,530
63,196,531
63,196,532
63,196,533
63,197,528
63,197,529
63,197,530
63,197,531
63,197,532
63,197,527
63,198,527
63,198,528
63,198,529
63,198,530
63,198,531
63,198,526
63,199,526
63,199,527
63,199,528
63,199,529
63,199,530
63,199,525
63,200,526
63,200,527
63,200,528
63,200,529
63,201,527
63,201,528
63,202,526
64,282,217
64,281,216
64,281,217
64,281,218
64,282,216
64,282,218
64,283,216
64,283,217
64,283,218
64,281,215
64,282,215
64,280,218
64,280,219
64,283,215
64,284,215
64,284,216
64,284,217
64,282,214
64,280,220
64,279,221
64,280,221
64,278,221
64,278,222
64,279,220
64,279,222
64,277,223
64,278,223
64,278,224
65,179,130
65,178,129
65,178,130
65,178,131
65,179,129
65,179,131
65,180,129
65,180,130
65,180,131
65,177,128
65,177,129
65,177,130
65,178,128
65,179,128
65,179,132
65,180,132
65,181,130
65,181,131
65,181,132
65,176,127
65,176,128
65,176,129
65,177,127
65,178,127
65,180,133
65,181,133
65,182,130
65,182,131
65,182,132
65,182,133
65,175,126
65,175,127
65,175,128
65,176,126
65,177,126
65,181,134
65,182,134
65,183,131
65,183,132
65,183,133
65,183,134
65,174,125
65,174,126
65,174,127
65,175,125
65,176,125
65,182,135
65,183,135
65,184,132
65,184,133
65,184,134
65,184,135
65,173,124
65,173,125
65,173,126
65,174,124
65,173,127
65,183,136
65,184,136
65,185,134
65,185,135
65,172,123
65,172,124
65,172,125
65,173,123
65,172,126
65,184,137
65,186,135
65,171,122
65,171,123
65,171,124
65,172,122
65,171,125
65,187,135
65,170,121
65,170,122
65,170,123
65,170,124
65,169,120
65,169,121
65,169,122
65,169,123
65,169,124
65,168,120
65,168,121
65,168,122
65,168,123
65,167,120
66,80,120
66,79,119
66,79,120
66,79,121
66,80,119
66,80,121
66,81,119
66,81,120
66,81,121
66,78,119
66,78,120
66,80,118
66,78,121
66,78,122
66,79,122
66,80,122
66,81,118
66,82,118
66,82,119
66,82,120
66,77,120
66,77,121
66,81,117
66,77,122
66,77,123
66,78,123
66,79,123
66,82,117
66,83,117
66,83,118
66,83,119
66,76,121
66,76,122
66,82,116
66,76,123
66,77,124
66,78,124
66,83,116
66,84,116
66,84,117
66,84,118
66,84,119
66,75,122
66,77,125
66,84,115
66,85,115
66,85,116
66,85,117
66,85,118
66,86,114
66,86,115
66,86,116
66,86,117
66,87,113
66,87,114
66,87,117
68,211,241
68,210,240
68,210,241
68,210,242
68,211,240
68,211,242
68,212,240
68,212,241
68,212,242
68,209,240
68,209,241
68,210,239
68,211,239
68,209,242
68,210,243
68,211,243
68,212,239
68,213,239
68,213,240
68,213,241
68,208,241
68,208,242
68,211,238
68,212,238
68,209,244
68,210,244
68,213,238
68,214,238
68,214,239
68,214,240
68,212,237
68,213,237
68,209,245
68,214,237
68,215,237
68,215,238
68,213,236
68,214,236
68,215,236
68,216,236
68,216,237
68,216,238
68,214,235
68,215,235
68,216,235
68,217,235
68,217,236
68,217,237
68,215,234
68,216,234
68,217,234
68,218,234
68,218,235
68,218,236
68,216,233
68,217,233
68,218,233
68,219,233
68,219,234
68,219,235
68,217,232
68,218,232
68,219,232
68,220,232
68,220,233
68,220,234
68,221,232
82,252,245
82,251,245
82,251,246
82,252,246
82,253,245
82,253,246
82,250,245
82,250,246
82,254,244
82,254,245
82,249,245
82,249,246
82,255,244
82,248,245
82,248,246
82,256,244
82,256,245
82,247,245
82,247,246
82,257,243
82,246,245
82,246,246
82,258,243
84,242,245
84,241,245
84,241,246
84,242,246
84,243,245
84,243,246
84,240,244
84,240,245
84,244,245
84,244,246
84,239,244
84,239,245
84,245,245
84,245,246
84,238,244
84,237,244
86,254,243
86,253,242
86,253,243
86,254,242
86,255,242
86,255,243
86,252,243
86,256,242
86,251,243
86,251,244
86,252,244
86,256,243
86,257,242
86,250,243
86,250,244
86,258,242
86,249,243
86,249,244
86,259,241
86,248,243
86,248,244
86,260,241
86,247,243
86,247,244
86,246,243
86,246,244
88,240,243
88,239,242
88,239,243
88,240,242
88,241,242
88,241,243
88,238,242
88,238,243
88,242,243
88,242,244
88,237,241
88,237,242
88,243,243
88,243,244
88,236,242
88,244,243
88,244,244
88,235,241
88,235,242
88,245,243
88,245,244
88,234,241
88,233,241
88,232,240
95,276,229
95,275,230
95,276,228
95,276,230
95,277,228
95,277,229
95,274,231
95,275,231
95,277,227
95,278,227
95,278,228
95,273,232
95,274,232
95,275,232
95,278,226
95,279,226
95,272,233
95,273,233
95,274,233
95,279,225
95,280,225
95,271,234
95,272,234
95,273,234
95,279,224
95,280,224
95,272,235
95,280,223
95,281,223
95,280,222
95,281,222
95,281,221
96,233,242
96,232,241
96,232,242
96,232,243
96,233,243
96,234,243
96,231,241
96,231,242
96,235,243
96,235,244
96,230,240
96,230,241
96,236,243
96,236,244
96,229,239
96,229,240
96,229,241
96,237,245
96,228,239
96,228,240
96,238,245
96,227,238
96,227,239
96,227,240
96,226,238
96,226,239
98,276,226
98,275,227
98,276,225
98,276,227
98,277,225
98,277,226
98,274,227
98,274,228
98,275,228
98,277,224
98,273,229
98,274,229
98,272,230
98,273,230
98,274,230
98,272,231
98,273,231
98,271,232
98,270,232
98,270,233
98,271,233
98,269,233
98,269,234
98,270,234
98,268,234
98,268,235
98,269,235
98,267,235
98,267,236
98,268,236
98,266,236
101,231,239
101,230,238
101,230,239
101,231,238
101,231,240
101,232,239
101,229,237
101,229,238
101,233,240
101,228,236
101,228,237
101,228,238
101,234,240
101,227,235
101,227,236
101,227,237
101,226,234
101,226,235
101,226,236
101,225,234
101,225,235
101,224,233
101,224,234
101,223,232
101,223,233
101,222,231
101,223,231
102,271,235
102,270,235
102,270,236
102,271,236
102,269,236
102,269,237
102,270,237
102,268,237
102,268,238
102,269,238
102,267,238
102,267,239
102,268,239
102,266,238
102,266,239
102,266,240
102,265,239
102,265,240
102,265,241
102,264,240
102,264,241
102,263,242
124,76,418
124,76,417
124,76,419
124,77,417
124,77,418
124,77,419
124,76,416
124,76,420
124,77,420
124,76,415
124,76,421
124,77,421
124,76,414
124,76,422
124,77,422
124,76,413
124,77,423
124,76,412
124,77,424
124,76,411
124,77,425
124,75,410
124,76,410
124,77,426
124,75,409
124,76,409
124,77,427
124,76,408
124,77,428
124,78,428
125,49,236
125,48,236
125,48,237
125,49,237
125,50,236
125,50,237
125,47,236
125,47,237
125,51,236
125,51,237
125,46,236
125,46,237
125,52,236
125,52,237
125,45,236
125,45,237
125,53,236
125,53,237
125,44,236
125,44,237
125,54,236
125,54,237
125,43,237
125,42,237
127,312,145
127,312,144
127,312,146
127,313,144
127,313,145
127,313,146
127,312,143
127,313,143
127,312,147
127,313,147
127,312,142
127,313,142
127,312,148
127,313,148
127,312,141
127,313,141
127,312,149
127,313,149
127,312,140
127,312,150
127,313,150
127,312,139
127,313,151
127,312,138
127,313,152
127,312,137
127,313,153
127,312,136
127,313,154
127,314,154
127,312,135
127,313,155
127,314,155
127,312,134
127,314,156
128,313,122
128,313,121
128,313,123
128,313,120
128,314,120
128,312,124
128,313,124
128,313,119
128,314,119
128,312,125
128,313,125
128,313,118
128,314,118
128,312,126
128,313,126
128,314,117
128,312,127
128,313,127
128,314,116
128,315,116
128,312,128
128,313,128
128,314,115
128,315,115
128,312,129
128,313,129
128,314,114
128,315,114
128,312,130
128,313,130
128,314,113
128,315,113
128,312,131
128,313,131
128,315,112
128,312,132
128,313,132
128,315,111
128,316,111
128,312,133
128,313,133
128,315,110
128,316,110
128,316,109
128,317,109
129,76,402
129,76,401
129,76,403
129,77,401
129,77,403
129,76,400
129,77,400
129,77,402
129,76,404
129,77,404
129,76,399
129,77,399
129,76,405
129,77,405
129,76,398
129,77,398
129,76,406
129,76,397
129,77,397
129,76,407
129,77,396
129,77,395
129,78,395
129,77,394
129,77,393
129,78,392
129,78,391
130,350,73
130,349,73
130,351,73
130,348,73
130,348,74
130,349,74
130,352,72
130,352,73
130,347,73
130,347,74
130,353,72
130,353,73
130,346,74
130,354,72
130,354,73
130,345,74
130,355,73
130,356,73
130,355,72
131,358,73
131,357,73
131,359,73
131,356,72
131,360,73
131,361,73
131,361,74
131,360,74
131,362,73
131,362,74
131,359,74
131,363,74
131,363,75
131,364,74
133,312,481
133,312,480
133,312,482
133,313,480
133,313,481
133,313,482
133,312,479
133,312,483
133,313,483
133,312,478
133,312,484
133,313,484
133,312,477
133,312,485
133,313,485
133,312,476
133,312,486
133,313,486
133,312,475
133,313,487
133,312,474
133,313,488
133,312,473
133,313,489
133,312,472
133,313,490
133,312,471
133,313,491
133,312,470
133,313,470
133,313,492
133,312,469
133,313,469
133,313,493
133,314,493
133,312,468
133,313,468
133,314,494
133,313,494
133,312,467
133,313,467
133,312,466
133,312,465
133,312,464
134,394,114
134,394,113
134,394,115
134,393,112
134,393,113
134,394,112
134,394,116
134,395,115
134,395,116
134,393,111
134,394,117
134,395,117
134,392,110
134,393,110
134,394,118
134,395,118
134,392,109
134,393,109
134,395,119
134,392,108
134,393,108
134,395,120
134,396,120
134,391,107
134,392,107
134,395,121
134,396,121
134,391,106
134,392,106
134,395,122
134,396,122
134,391,105
134,395,123
134,396,123
134,391,104
134,395,124
134,396,124
134,395,125
135,102,303
135,101,302
135,102,302
135,102,304
135,101,301
135,102,301
135,102,305
135,102,300
135,102,306
135,101,299
135,102,299
135,102,307
135,103,307
135,101,298
135,102,298
135,102,308
135,103,308
135,101,297
135,102,297
135,102,309
135,103,309
135,101,296
135,102,310
135,103,310
135,101,295
135,102,311
135,103,311
135,100,294
135,101,294
135,102,312
135,103,312
135,100,293
135,101,293
135,103,313
135,100,292
135,101,292
135,102,314
135,103,314
135,100,291
135,102,315
135,103,315
135,102,313
137,67,362
137,66,361
137,66,362
137,67,361
137,68,361
137,68,362
137,65,361
137,65,362
137,69,361
137,69,362
137,64,361
137,64,362
137,70,362
137,63,361
137,63,362
137,71,362
137,62,361
137,62,362
137,72,361
137,72,362
137,61,361
137,73,361
137,73,362
137,60,361
137,74,361
137,59,360
137,59,361
137,75,361
137,58,361
139,102,320
139,102,319
139,102,321
139,102,318
139,103,318
139,101,322
139,102,322
139,102,317
139,103,317
139,101,323
139,102,323
139,102,316
139,103,316
139,101,324
139,102,324
139,101,325
139,102,325
139,101,326
139,102,326
139,101,327
139,102,327
139,101,328
139,100,329
139,101,329
139,100,330
139,101,330
139,100,331
139,101,331
140,394,160
140,394,159
140,394,161
140,393,160
140,394,158
140,395,158
140,393,162
140,394,162
140,394,157
140,395,157
140,392,163
140,393,161
140,393,163
140,394,156
140,395,156
140,392,164
140,393,164
140,394,155
140,395,155
140,392,165
140,393,165
140,395,154
140,396,154
140,392,166
140,395,153
140,396,153
140,391,167
140,392,167
140,395,152
140,391,168
140,395,151
140,396,151
140,391,169
140,395,150
140,396,150
140,396,152
140,391,170
140,395,149
140,396,149
140,390,171
140,396,148
140,390,172
140,396,147
140,389,173
140,390,173
142,17,309
142,16,308
142,17,308
142,17,310
142,18,309
142,18,310
142,16,307
142,17,307
142,17,311
142,18,311
142,16,306
142,17,306
142,17,312
142,18,312
142,16,305
142,17,305
142,18,313
142,16,304
142,18,314
142,19,314
142,15,303
142,16,303
142,18,315
142,19,315
142,15,302
142,16,302
142,19,316
142,15,301
142,16,301
142,19,317
142,20,317
142,15,300
142,16,300
142,19,318
142,20,318
142,15,299
142,16,299
142,20,319
142,21,319
142,14,298
142,15,298
142,20,320
142,21,320
142,14,297
142,15,297
142,21,321
142,15,296
142,21,322
142,15,295
142,21,323
142,14,294
142,15,294
142,14,293
142,15,293
143,122,474
143,121,474
143,123,473
143,123,474
143,120,474
143,120,475
143,124,473
143,124,474
143,119,474
143,119,475
143,125,473
143,125,474
143,118,474
143,118,475
143,126,473
143,126,474
143,117,474
143,117,475
143,127,473
143,116,474
143,116,475
143,128,472
143,128,473
143,115,474
143,127,472
143,129,472
143,114,474
143,113,474
144,16,268
144,16,267
144,16,269
144,17,267
144,17,268
144,16,266
144,17,266
144,15,270
144,16,270
144,17,265
144,18,265
144,15,271
144,16,271
144,17,264
144,18,264
144,15,272
144,16,272
144,17,263
144,18,263
144,15,273
144,18,262
144,15,274
144,16,274
144,18,261
144,19,261
144,14,275
144,15,275
144,18,260
144,19,260
144,14,276
144,15,276
144,19,259
144,14,277
144,15,277
144,19,258
144,20,258
144,14,278
144,15,278
144,14,279
144,15,279
144,14,280
144,15,280
144,14,281
144,15,281
146,395,457
146,394,456
146,395,456
146,395,458
146,394,455
146,395,455
146,395,459
146,396,459
146,394,454
146,395,454
146,395,460
146,396,460
146,394,453
146,395,461
146,396,461
146,393,452
146,394,452
146,395,462
146,396,462
146,393,451
146,394,451
146,395,463
146,396,463
146,393,450
146,394,450
146,396,464
146,397,464
146,392,449
146,393,449
146,396,465
146,397,465
146,392,448
146,393,448
146,396,466
146,397,466
146,392,447
146,393,447
146,396,467
146,397,467
146,392,446
146,393,446
146,396,468
146,397,468
146,391,445
146,392,445
146,396,469
146,397,469
146,392,444
146,396,470
146,397,470
146,392,443
146,396,471
146,397,471
146,391,442
146,396,472
146,397,472
147,99,335
147,98,335
147,98,336
147,99,334
147,99,336
147,100,334
147,98,337
147,99,337
147,99,333
147,100,333
147,97,338
147,98,338
147,99,332
147,100,332
147,97,339
147,98,339
147,96,340
147,97,340
147,98,340
147,96,341
147,97,341
147,95,342
147,96,342
147,95,343
147,96,343
147,95,344
147,96,344
147,95,345
147,94,345
147,94,346
147,93,346
147,93,347
147,92,347
147,92,348
147,93,348
147,94,347
147,92,349
147,92,350
148,358,539
148,357,538
148,357,539
148,358,538
148,359,538
148,359,539
148,356,539
148,360,538
148,360,539
148,355,539
148,361,538
148,361,539
148,354,539
148,362,537
148,362,538
148,353,539
148,363,538
148,363,537
150,313,461
150,313,460
150,313,462
150,313,459
150,314,459
150,312,462
150,312,463
150,313,463
150,313,458
150,314,458
150,313,464
150,313,457
150,314,457
150,313,465
150,313,456
150,314,456
150,313,466
150,314,455
150,315,455
150,314,454
150,314,453
150,315,453
150,315,454
150,314,452
150,315,452
150,315,451
150,316,451
150,315,450
150,316,450
150,315,449
150,316,449
150,315,448
150,316,448
150,316,447
150,317,447
151,81,380
151,80,381
151,81,379
151,81,381
151,82,379
151,82,380
151,80,382
151,81,382
151,81,378
151,82,378
151,79,383
151,80,383
151,81,383
151,82,377
151,79,384
151,80,384
151,82,376
151,83,376
151,79,385
151,80,385
151,83,375
151,84,375
151,79,386
151,80,386
151,83,374
151,84,374
151,78,387
151,79,387
151,83,373
151,84,373
151,79,388
151,78,388
151,84,372
151,85,372
151,78,389
151,79,389
151,84,371
151,85,371
151,78,390
151,79,390
151,85,370
151,86,370
151,86,369
154,24,328
154,24,327
154,24,329
154,25,328
154,25,329
154,23,326
154,24,326
154,25,330
154,22,325
154,23,325
154,23,327
154,25,331
154,26,331
154,22,324
154,23,324
154,26,332
154,27,332
154,22,323
154,26,333
154,27,333
154,22,322
154,27,334
154,22,321
154,28,334
154,28,335
154,28,336
154,29,336
154,29,337
154,30,337
154,30,338
154,31,338
155,54,359
155,53,358
155,53,359
155,54,358
155,55,359
155,55,360
155,52,357
155,52,358
155,56,359
155,56,360
155,51,357
155,51,358
155,57,359
155,57,360
155,50,357
155,50,358
155,58,360
155,49,356
155,49,357
155,48,356
155,47,355
155,48,355
155,46,355
156,131,349
156,130,349
156,132,349
156,132,350
156,129,348
156,129,349
156,130,348
156,131,350
156,133,350
156,133,351
156,128,348
156,128,349
156,134,350
156,134,351
156,127,347
156,127,348
156,135,351
156,126,348
156,136,352
156,125,348
156,137,352
156,124,348
157,98,284
157,97,283
157,97,284
157,98,283
157,98,285
157,99,285
157,97,282
157,98,282
157,98,286
157,99,286
157,97,281
157,98,287
157,99,287
157,96,280
157,97,280
157,99,288
157,100,288
157,96,279
157,97,279
157,99,289
157,100,289
157,95,278
157,96,278
157,99,290
157,100,290
157,95,277
157,96,277
157,99,291
157,95,276
157,96,276
157,95,275
157,95,274
157,94,273
157,93,273
157,94,272
157,93,271
157,93,272
157,92,270
157,92,271
157,93,270
157,92,269
157,91,268
157,92,268
160,158,387
160,157,386
160,157,387
160,158,386
160,158,388
160,157,385
160,158,385
160,158,389
160,159,389
160,156,384
160,157,384
160,158,390
160,159,390
160,156,383
160,157,383
160,158,391
160,156,382
160,157,382
160,158,392
160,155,381
160,156,381
160,159,393
160,155,380
160,156,380
160,159,394
160,160,393
160,160,394
160,155,379
160,156,379
160,155,378
160,155,377
160,154,376
160,154,375
160,153,374
160,153,375
160,154,374
160,153,373
160,153,372
160,152,371
160,152,370
162,342,198
162,341,198
162,343,198
162,343,199
162,340,197
162,341,197
162,342,197
162,344,198
162,344,199
162,339,196
162,339,197
162,340,196
162,345,199
162,338,195
162,338,196
162,337,194
162,337,195
162,336,194
162,336,195
162,335,194
162,334,193
162,333,192
162,333,193
162,332,192
162,333,191
163,395,494
163,395,493
163,395,495
163,395,492
163,396,492
163,394,494
163,394,495
163,394,496
163,395,496
163,395,491
163,396,491
163,394,497
163,395,490
163,396,490
163,393,498
163,394,498
163,395,489
163,396,489
163,393,499
163,394,499
163,395,488
163,396,488
163,394,500
163,393,500
163,395,487
163,396,487
163,393,501
163,396,486
163,393,502
163,396,485
164,367,198
164,366,198
164,366,199
164,368,197
164,368,198
164,365,198
164,365,199
164,367,197
164,369,196
164,369,197
164,364,198
164,364,199
164,364,200
164,370,196
164,370,197
164,371,196
167,316,165
167,316,164
167,316,166
167,317,164
167,317,166
167,315,163
167,316,163
167,317,167
167,315,162
167,316,162
167,317,168
167,318,168
167,315,161
167,317,169
167,318,169
167,315,160
167,318,170
167,314,159
167,315,159
167,318,171
167,319,171
167,314,158
167,315,158
167,318,172
167,319,172
167,314,157
167,315,157
167,319,173
167,320,173
167,320,174
167,320,175
167,320,176
167,321,176
167,321,177
169,110,473
169,109,472
169,109,473
169,111,473
169,111,474
169,108,472
169,108,473
169,110,472
169,112,473
169,112,474
169,107,472
169,107,473
169,113,473
169,106,472
169,105,471
169,104,471
169,106,471
169,104,470
169,107,471
169,103,469
169,103,470
169,102,470
169,101,469
169,100,469
170,357,411
170,356,411
170,356,412
170,357,412
170,358,411
170,358,412
170,355,411
170,355,412
170,359,411
170,359,412
170,354,411
170,354,412
170,360,411
170,353,411
170,353,412
170,352,411
170,352,412
170,351,411
170,351,412
170,350,411
173,112,347
173,111,347
173,111,348
173,112,348
173,113,346
173,113,347
173,110,347
173,110,348
173,114,346
173,114,347
173,109,347
173,109,348
173,115,347
173,115,346
173,108,348
173,107,348
173,107,349
174,369,415
174,368,414
174,368,415
174,369,416
174,370,415
174,370,416
174,367,414
174,367,415
174,371,416
174,371,417
174,366,413
174,366,414
174,372,417
174,372,418
174,365,413
174,365,414
174,373,417
174,373,418
174,364,412
174,364,413
174,374,418
174,363,413
174,363,412
174,375,419
174,362,413
174,362,412
176,323,432
176,322,433
176,323,431
176,323,433
176,324,431
176,324,432
176,321,434
176,322,432
176,322,434
176,324,430
176,325,430
176,322,435
176,324,429
176,325,429
176,326,429
176,321,436
176,322,436
176,325,428
176,326,428
176,320,437
176,321,437
176,326,427
176,327,427
176,320,438
176,326,426
176,327,426
176,328,426
176,320,439
176,328,425
176,319,440
177,343,75
177,342,75
177,342,76
177,343,76
177,344,74
177,344,75
177,341,75
177,341,76
177,345,75
177,340,76
177,339,77
177,338,77
177,339,78
177,338,78
178,361,200
178,360,200
178,361,199
178,362,199
178,362,200
178,359,200
178,359,201
178,363,199
178,363,200
178,358,200
178,358,201
178,357,200
178,357,201
178,356,200
178,356,201
178,355,200
178,355,201
178,354,200
178,354,201
178,353,200
178,353,201
178,352,200
178,352,201
178,351,200
178,351,201
178,350,200
178,350,201
178,349,200
178,349,201
178,348,199
178,348,200
178,347,199
178,347,200
178,346,199
178,346,200
178,345,200
180,125,347
180,124,346
180,124,347
180,126,347
180,123,346
180,123,347
180,122,346
180,122,347
180,121,346
180,121,347
180,120,346
180,120,347
180,119,346
180,119,347
180,118,346
180,118,347
180,117,346
180,117,347
180,116,346
180,116,347
182,314,495
182,314,496
182,315,496
182,314,497
182,315,497
182,315,498
182,314,499
182,315,499
182,314,498
182,315,500
182,315,501
182,316,501
182,315,502
182,316,502
182,316,503
182,316,504
182,317,504
182,316,505
182,317,505
182,317,506
182,318,507
182,318,506
182,318,508
182,318,509
182,319,509
182,318,510
182,319,510
182,319,511
182,319,512
183,325,183
183,324,182
183,325,182
183,325,184
183,326,183
183,326,184
183,323,181
183,324,181
183,325,181
183,326,185
183,327,185
183,323,180
183,324,180
183,327,186
183,328,186
183,322,179
183,323,179
183,328,187
183,329,187
183,321,178
183,322,178
183,323,178
183,328,188
183,329,188
183,330,188
183,322,177
183,329,189
183,330,189
183,331,189
183,330,190
183,331,190
183,332,190
183,331,191
183,332,191
184,59,238
184,58,237
184,58,238
184,59,237
184,60,238
184,57,237
184,57,238
184,61,238
184,61,239
184,56,237
184,56,238
184,62,239
184,55,237
184,63,239
184,64,239
185,66,241
185,65,240
185,65,241
185,66,240
185,66,242
185,67,241
185,67,242
185,64,240
185,68,242
185,68,243
185,63,240
185,69,242
185,69,243
186,85,450
186,84,449
186,85,449
186,85,451
186,86,450
186,86,451
186,84,448
186,86,452
186,87,452
186,83,447
186,84,447
186,86,453
186,87,453
186,83,446
186,84,446
186,87,454
186,83,445
186,88,455
186,82,444
186,83,444
186,88,456
186,89,455
186,89,456
188,390,102
188,389,101
188,390,101
188,390,103
188,391,103
188,388,100
188,389,100
188,390,104
188,388,99
188,389,99
188,388,98
188,387,97
188,388,97
188,387,96
188,388,96
188,386,95
188,387,95
188,385,94
188,386,94
188,385,93
188,384,92
188,385,92
188,383,91
188,384,91
188,386,93
188,383,90
188,384,90
188,383,89
192,78,431
192,78,430
192,78,432
192,79,431
192,79,432
192,77,429
192,78,429
192,78,433
192,79,433
192,78,434
192,79,434
192,80,434
192,79,435
192,80,435
192,79,436
192,80,436
192,79,437
192,80,437
192,80,438
192,81,438
192,80,439
192,81,439
192,80,440
192,81,440
192,81,441
192,82,441
192,81,442
192,82,442
192,81,443
192,82,443
193,316,108
193,316,107
193,317,107
193,317,108
193,317,106
193,317,105
193,318,105
193,318,106
193,317,104
193,318,104
193,318,103
193,319,103
193,318,102
193,319,102
193,319,101
193,319,100
193,320,100
193,320,99
193,321,99
193,320,98
193,321,98
193,321,97
193,321,96
193,322,96
193,322,95
193,322,94
193,323,94
195,92,360
195,91,361
195,92,361
195,93,359
195,93,360
195,90,362
195,91,362
195,92,359
195,93,358
195,94,358
195,94,359
195,89,363
195,90,363
195,91,363
195,94,357
195,95,357
195,95,358
195,88,364
195,89,364
195,90,364
195,96,356
195,96,357
195,89,365
195,88,365
195,97,356
195,88,366
195,89,366
195,98,355
195,97,354
195,98,354
197,375,531
197,374,531
197,374,532
197,375,530
197,375,532
197,376,530
197,376,531
197,373,532
197,373,533
197,376,529
197,377,529
197,377,530
197,372,533
197,372,534
197,377,528
197,378,528
197,378,529
197,371,533
197,371,534
197,371,535
197,378,527
197,379,527
197,379,528
197,379,526
197,380,526
197,380,527
197,380,525
197,381,525
197,381,526
197,381,524
197,382,524
197,382,523
197,383,523
197,382,522
197,383,522
197,384,522
197,383,521
197,384,521
198,383,428
198,382,427
198,382,428
198,383,427
198,383,429
198,384,428
198,384,429
198,381,426
198,382,426
198,384,430
198,380,425
198,381,425
198,384,431
198,385,431
198,379,424
198,380,424
198,378,423
198,379,423
198,380,423
198,378,422
198,379,422
198,378,421
201,320,513
201,320,512
201,320,514
201,321,514
201,320,511
201,321,515
201,322,515
201,321,516
201,322,516
201,322,517
201,323,517
201,322,518
201,323,518
201,323,519
201,324,519
201,324,518
201,324,520
201,325,521
201,325,522
201,326,521
201,326,522
201,326,523
202,340,415
202,339,415
202,339,416
202,340,414
202,341,414
202,341,415
202,338,415
202,338,416
202,342,413
202,342,414
202,342,415
202,337,416
202,337,417
202,343,413
202,343,414
202,336,417
202,336,418
202,344,413
202,344,414
202,335,418
202,345,412
202,345,413
202,334,418
202,334,419
202,346,413
202,346,412
202,333,419
202,347,413
202,334,420
202,347,412
203,104,350
203,103,350
203,103,351
203,104,351
203,105,349
203,105,350
203,102,351
203,102,352
203,106,348
203,106,349
203,106,350
203,101,351
203,101,352
203,101,353
203,100,352
203,100,353
203,99,353
203,99,354
204,380,86
204,379,85
204,379,86
204,380,85
204,380,87
204,381,86
204,381,87
204,378,84
204,378,85
204,379,84
204,381,88
204,382,87
204,382,88
204,377,83
204,377,84
204,378,83
204,382,89
204,376,82
204,376,83
204,377,82
204,375,81
204,375,82
204,376,81
204,374,80
204,374,81
204,375,80
204,373,79
204,373,80
204,372,78
204,372,79
204,371,78
204,371,79
205,392,505
205,391,505
205,391,506
205,392,504
205,392,506
205,393,504
205,390,507
205,391,507
205,392,507
205,392,503
205,393,503
205,390,508
205,391,508
205,392,502
205,390,509
205,391,509
205,389,510
205,390,510
205,389,511
205,390,511
205,388,512
205,389,512
205,390,512
205,388,513
205,389,513
205,387,514
205,388,514
205,387,515
205,388,515
205,386,516
205,387,516
205,386,517
205,387,517
205,385,518
205,386,518
205,384,519
205,385,519
205,386,519
205,384,520
205,385,520
206,341,536
206,340,536
206,342,536
206,342,537
206,339,535
206,343,536
206,343,537
206,338,535
206,339,534
206,340,535
206,344,537
206,344,538
206,338,534
206,341,535
206,345,537
206,337,533
207,396,125
207,396,126
207,397,126
207,396,127
207,397,127
207,396,128
207,397,128
207,396,129
207,397,129
207,396,130
207,397,130
207,396,131
207,397,131
207,396,132
207,397,132
207,396,133
207,397,133
207,396,134
207,397,134
207,396,135
207,397,135
207,396,136
207,397,136
207,396,137
207,397,137
207,396,138
207,397,138
207,396,139
207,397,139
207,396,140
207,397,140
207,396,141
207,397,141
207,396,142
207,397,142
207,396,143
207,397,143
207,396,144
207,397,144
207,396,145
207,397,145
207,396,146
207,397,146
207,397,147
207,397,148
208,14,285
208,14,284
208,14,286
208,15,284
208,15,285
208,15,286
208,14,283
208,15,283
208,14,287
208,15,287
208,14,282
208,15,282
208,14,288
208,15,288
208,14,289
208,15,289
208,14,290
208,15,290
208,14,291
208,15,291
208,14,292
208,15,292
209,334,531
209,333,530
209,333,531
209,334,530
209,334,532
209,335,531
209,335,532
209,332,529
209,332,530
209,335,533
209,336,532
209,336,533
209,331,528
209,331,529
209,332,528
209,337,534
209,330,527
209,330,528
209,331,527
209,338,533
209,329,526
209,329,527
209,330,526
209,328,525
209,328,526
209,329,525
209,327,524
209,327,525
209,328,524
209,326,524
209,327,523
210,85,258
210,84,257
210,84,258
210,85,257
210,85,259
210,86,259
210,83,256
210,83,257
210,84,256
210,86,260
210,87,260
210,82,255
210,82,256
210,83,255
210,86,261
210,87,261
210,88,261
210,81,254
210,82,254
210,87,262
210,88,262
210,80,253
210,81,253
210,82,253
210,88,263
210,89,263
210,79,252
210,80,252
210,81,252
210,88,264
210,89,264
210,79,251
210,80,251
210,89,265
210,78,250
210,78,251
210,79,250
210,77,249
210,77,250
210,78,249
210,76,248
210,76,249
210,77,248
210,75,247
210,74,247
210,73,246
210,73,245
211,389,438
211,388,437
211,388,438
211,389,437
211,389,439
211,390,439
211,387,436
211,388,436
211,389,440
211,390,440
211,387,435
211,388,435
211,390,441
211,391,441
211,386,434
211,387,434
211,390,442
211,385,433
211,386,433
211,387,433
211,390,443
211,391,443
211,385,432
211,386,432
211,391,444
212,37,239
212,36,239
212,36,240
212,38,238
212,38,239
212,35,240
212,35,241
212,39,238
212,39,239
212,34,240
212,34,241
212,35,239
212,34,242
212,40,237
212,40,238
212,33,241
212,33,242
212,41,237
212,41,238
212,32,241
212,32,242
212,32,243
212,42,238
212,31,242
212,31,243
212,31,244
212,30,243
212,30,244
212,29,245
213,23,252
213,22,252
213,22,253
213,23,251
213,23,253
213,24,251
213,24,252
213,21,254
213,22,254
213,24,250
213,25,250
213,21,255
213,22,255
213,24,249
213,25,249
213,26,249
213,20,256
213,21,256
213,25,248
213,26,248
213,27,248
213,20,257
213,21,257
213,26,247
213,27,247
213,28,247
213,27,246
213,28,246
213,28,245
213,29,244
213,30,245
214,90,458
214,89,457
214,89,458
214,90,457
214,90,459
214,91,458
214,91,459
214,91,460
214,92,459
214,92,460
214,92,461
214,93,461
214,93,462
214,94,462
214,94,463
214,95,463
214,94,464
214,95,464
214,96,464
214,95,465
214,96,465
214,97,464
214,97,465
214,97,466
214,98,465
214,98,466
214,98,467
214,99,466
214,99,467
214,99,468
214,100,467
214,100,468
214,101,468
214,102,469
219,325,90
219,324,91
219,325,89
219,325,91
219,326,89
219,326,90
219,323,92
219,324,92
219,325,92
219,326,88
219,327,88
219,327,89
219,323,93
219,324,93
219,327,87
219,328,87
219,328,88
219,328,86
219,329,86
219,329,87
219,329,85
219,330,85
219,330,84
219,331,84
219,330,83
219,331,83
219,332,83
219,331,82
219,332,82
219,333,82
219,333,81
219,334,81
219,334,82
219,334,80
219,335,80
219,335,81
219,335,79
219,336,79
219,336,80
219,336,78
219,337,78
219,337,79
220,388,176
220,387,177
220,388,175
220,388,177
220,389,175
220,387,176
220,387,178
220,388,174
220,389,174
220,386,179
220,387,179
220,385,179
220,385,180
220,386,180
220,384,181
220,385,181
220,383,182
220,384,182
220,385,182
220,383,183
220,384,183
220,383,184
221,32,341
221,31,340
221,32,340
221,32,342
221,33,341
221,33,342
221,30,339
221,31,339
221,32,339
221,33,343
221,34,342
221,34,343
221,34,344
221,35,343
221,35,344
221,35,345
221,36,344
221,36,345
221,36,346
221,37,345
221,37,346
221,37,347
221,38,347
221,38,348
221,39,348
221,39,349
221,40,349
221,40,350
221,41,350
221,41,351
221,42,350
221,42,351
221,42,352
221,43,351
221,43,352
221,43,353
221,44,352
221,44,353
221,45,353
221,45,354
221,46,354
221,47,354
222,80,359
222,79,359
222,79,360
222,80,358
222,81,358
222,81,359
222,78,359
222,78,360
222,82,358
222,77,360
222,77,361
222,83,357
222,76,360
222,76,361
222,84,356
222,84,357
222,75,360
222,85,356
222,86,355
222,85,355
222,86,354
224,377,191
224,376,191
224,376,192
224,377,190
224,377,192
224,378,190
224,378,191
224,375,191
224,375,192
224,375,193
224,378,189
224,379,189
224,374,192
224,374,193
224,374,194
224,379,188
224,380,188
224,373,193
224,373,194
224,373,195
224,380,187
224,381,187
224,372,194
224,372,195
224,380,186
224,381,186
224,382,186
224,371,195
224,381,185
224,382,185
224,383,185
224,370,195
224,382,184
225,150,368
225,149,367
225,149,368
225,150,367
225,150,369
225,151,368
225,151,369
225,149,366
225,151,370
225,148,365
225,149,365
225,151,371
225,147,364
225,147,365
225,148,364
225,152,372
225,146,363
225,147,363
225,152,373
225,146,362
225,147,362
225,146,361
228,397,474
228,396,473
228,396,474
228,396,475
228,397,473
228,397,475
228,396,476
228,397,476
228,396,477
228,397,477
228,396,478
228,397,478
228,396,479
228,397,479
228,396,480
228,397,480
228,396,481
228,397,481
228,396,482
228,397,482
228,396,483
228,397,483
228,396,484
228,397,484
228,397,485
228,397,486
232,90,351
232,89,351
232,89,352
232,90,350
232,90,352
232,91,350
232,91,351
232,88,352
232,88,353
232,89,353
232,91,349
232,87,353
232,87,354
232,88,354
232,87,355
232,86,356
234,143,358
234,142,357
234,142,358
234,143,359
234,144,359
234,141,356
234,141,357
234,144,360
234,145,360
234,140,355
234,140,356
234,145,361
234,139,354
234,139,355
234,138,353
234,138,354
234,137,353
234,137,354
234,136,353
234,135,352
234,134,352
302,313,160
302,313,159
302,313,161
302,312,158
302,314,162
302,312,157
302,314,163
302,312,156
302,314,164
302,312,155
302,315,165
302,312,154
302,315,166
302,311,153
302,315,167
302,311,152
302,311,151
302,311,150
322,17,315
322,16,314
322,17,316
322,16,313
322,18,317
322,16,312
322,18,318
322,16,311
322,18,319
322,16,310
322,19,320
322,15,309
322,19,321
322,15,308
322,15,307
322,15,306
322,14,305
322,14,304
322,14,303
322,14,302
327,13,295
327,13,294
327,13,296
327,13,293
327,13,297
327,12,292
327,13,298
327,12,291
327,13,299
327,12,290
327,12,289
327,12,288
327,12,287
327,12,286
327,12,285
327,12,284
327,12,283
327,12,282
327,12,281
327,13,280
327,13,279
327,13,278
327,13,277
333,397,152
333,397,151
333,397,153
333,398,150
333,397,154
333,398,149
333,397,155
333,396,156
333,397,156
333,396,157
333,396,158
333,396,159
333,395,160
333,396,160
333,395,161
333,395,162
333,395,163
333,394,164
333,394,165
333,394,166
333,394,167
333,393,168
333,393,169
333,392,170
333,392,171
333,392,172
336,80,443
336,80,442
336,79,441
336,79,440
336,79,439
336,78,438
336,78,437
336,78,436
336,77,435
336,77,434
336,77,433
336,77,432
336,76,431
336,76,430
336,76,429
338,103,297
338,103,296
338,103,298
338,103,295
338,103,299
338,104,300
338,104,301
338,104,302
338,104,303
338,104,304
338,104,305
338,104,306
338,104,307
338,104,308
338,104,309
338,104,310
338,104,311
338,104,312
338,104,313
338,104,314
338,104,315
338,104,316
338,104,317
338,104,318
338,104,319
338,104,320
338,104,321
343,161,394
343,161,393
343,161,395
343,161,392
343,161,396
343,162,397
343,162,398
343,162,399
343,162,400
343,162,401
343,162,402
343,162,403
343,162,404
343,162,405
343,162,406
343,162,407
376,75,397
376,75,396
376,75,398
376,75,395
376,75,399
376,75,400
376,75,401
376,75,402
376,74,403
376,74,404
376,74,405
376,74,406
376,74,407
376,74,408
376,74,409
376,74,410
376,74,411
376,74,412
376,74,413
376,74,414
376,74,415
377,97,276
377,97,275
377,97,277
377,96,274
377,98,278
377,96,273
377,98,277
377,98,279
377,95,272
377,99,280
377,99,281
377,99,282
377,100,283
377,100,284
377,100,285
377,100,286
377,101,287
385,397,459
385,397,458
385,397,460
385,397,457
385,397,461
385,396,456
385,397,456
385,396,455
385,396,454
385,396,453
385,396,452
385,395,451
385,395,450
385,395,449
385,395,448
385,394,447
385,394,446
385,394,445
385,393,444
385,393,443
408,311,465
408,311,464
408,311,466
408,311,463
408,310,467
408,311,467
408,311,462
408,310,468
408,311,461
408,310,469
408,311,460
408,310,470
408,311,459
408,310,471
408,312,458
408,310,472
408,312,457
408,310,473
408,312,456
408,310,474
408,312,455
408,310,475
408,310,476
408,310,477
408,310,478
408,310,479
